"","PLAYER","TEAM","YEAR","HT","POS","AGE","Pos","Numb","G","X2PA","X3PA","FTA","Poss","Ast.Pos","Tov.Pos","Stl.G","Blk.G","TS","FTA.G","Three.G","Two.G","Three.Per","Two.Per","FTA.FGA","Three.FGA","OR.G","DR.G","PF.G","adjTempo","adjOE","adjDE"
"1","Aaron Holiday","UCLA","Junior","1-Jun","PG",21.5,"G",3,101,220.166666666667,161,147.666666666667,16.4485669191919,0.312219948107608,0.195080308029074,1.23184974747475,0.218434343434343,1.19531712857077,4.39520202020202,4.78488005050505,6.55113636363636,0.421477523852508,0.486542394735672,0.379186464146903,0.415617881001381,0.467645202020202,2.81939183501684,2.60464015151515,70.9583666666667,115.661666666667,102.356166666667
"2","Aaron Menzies","Eastern Washington","Junior","3-Jul","C",21.7,NA,NA,NA,NA,NA,NA,NA,NA,NA,NA,NA,NA,NA,NA,NA,NA,NA,NA,NA,NA,NA,NA,NA,NA,NA
"3","Abdul Lewis","NJIT","Junior","10-Jun","PF",22.3,"F",2,59,212.333333333333,26.6666666666667,126.333333333333,12.9266666666667,0.138901857074071,0.211031126729182,0.410138248847926,0.74347158218126,1.10426665699823,4.38402457757296,0.917818740399385,7.33563748079877,0.355555555555556,0.504140490098828,0.529551481609593,0.111437795457166,3.04377880184332,5.65207373271889,3.0384024577573,67.1524666666667,101.059766666667,106.046
"4","Admiral Schofield","Tennessee","Junior","5-Jun","SF/PF",21,"F",3,95,177,112.833333333333,74.1666666666667,11.1949107142857,0.101626253053964,0.124286052007323,0.655357142857143,0.325892857142857,1.11895759981592,2.2983630952381,3.38943452380952,5.39345238095238,0.377361297040012,0.492523704046394,0.276820275556373,0.376024314598632,1.33348214285714,4.01458333333333,2.68928571428571,67.6097833333333,110.015833333333,98.4861
"5","Admon Gilder","Texas A&M","Junior","4-Jun","SG",22.4,"G",3,98,157.833333333333,127.666666666667,86.8333333333333,12.2732275501308,0.222658458043166,0.146467773434768,1.4149811101424,0.202630049404243,1.14494960588492,2.78782330717815,4.09420226678291,5.08828828828829,0.380775892715322,0.496679231010075,0.305924684632405,0.449115169533517,0.732824760244115,3.0115518744551,2.08202557396106,67.4537,108.188166666667,97.7423333333333
"6","Ahmaad Rorie","Montana","Junior","1-Jun","PG",22.6,"G",2,65,297.333333333333,170.666666666667,128.666666666667,17.7050727387729,0.197088804693986,0.102486889956371,1.10309930423782,0.173308032890576,1.09161531264283,3.89816571790006,5.17520556609741,8.99557242251739,0.354102420334548,0.474980698706813,0.275151932996272,0.365430774730606,0.896268184693232,2.88361796331436,1.96457938013915,67.5649333333333,107.91,100.5302
"7","Ajdin Penava","Marshall","Junior","10-Jun","PF",21.1,"F",3,87,161.333333333333,64.1666666666667,100.5,9.41667475879241,0.116717363827579,0.15041513224248,0.62270463741052,2.40656707127295,1.20999302939238,2.99460006224712,1.9370525988173,4.78807967631497,0.268912616593029,0.630349303551918,0.437643414554457,0.306216096778382,1.39375972611267,4.32248677248677,3.30348583877996,76.1267666666667,109.778666666667,106.548833333333
"8","Alize Johnson","Missouri State","Senior","9-Jun","PF",21.9,"F",2,66,250.333333333333,131.666666666667,150.333333333333,15.8428282828283,0.159134288319256,0.143134500727497,0.505050505050505,0.343434343434343,1.10095157723572,4.55555555555556,3.98989898989899,7.58585858585859,0.316664450059848,0.520786753507663,0.396772639691715,0.342562620423892,3.21212121212121,8.09090909090909,2.23232323232323,65.7141666666667,106.152666666667,102.985
"9","Allonzo Trier","Arizona","Junior","5-Jun","SG",22.2,"G",3,78,154.833333333333,139.333333333333,155.333333333333,15.4028731762065,0.173174744864752,0.127095274574153,0.534231200897868,0.240740740740741,1.28289395609489,5.84624017957351,5.07800224466891,5.79685746352413,0.381091651144125,0.569191559981034,0.538202887811899,0.465761694396958,0.333333333333333,3.50897867564534,1.77721661054994,66.9645833333333,116.686833333333,99.0612
"10","Andrien White","Charlotte","Junior","10-Jun","PG",21.3,"G",3,87,124.166666666667,143.333333333333,102.5,13.1688317659352,0.0874250969682129,0.129935062942715,1.59043538836642,0.276739811912226,1.13975585433418,3.81048415186346,5.19448275862069,4.59389063044235,0.362213785897996,0.477640375945461,0.382675062806217,0.537845268328769,0.863782654127482,3.46165099268548,2.71357018460467,71.5573833333333,100.335683333333,110.195
"11","Anfernee Simons","IMG Academy","HS Senior","4-Jun","SG",18.8,NA,NA,NA,NA,NA,NA,NA,NA,NA,NA,NA,NA,NA,NA,NA,NA,NA,NA,NA,NA,NA,NA,NA,NA,NA
"12","Austin Wiley","Auburn","Freshman","11-Jun","C",19.2,"C",1,23,125,0,114,9.39826086956522,0.0231310140636566,0.189674315321984,0.217391304347826,1.34782608695652,1.15323133135419,4.95652173913043,0,5.43478260869565,0,0.584,0.912,0,2.26086956521739,2.43478260869565,2.56521739130435,73.5806,111.87,103.348
"13","Barry Brown","Kansas State","Junior","5-Jun","SG",21.3,"G",3,105,259,133.333333333333,141.5,14.7841463281463,0.178268161153736,0.141958937824181,1.88837798837799,0.120814320814321,1.03880860188839,3.91895401895402,3.74626574626575,7.1962793962794,0.323703033653282,0.465942811782389,0.349845365105352,0.350630500756846,0.575363675363675,2.52351702351702,2.07049647049647,65.9975,109.083,97.9812666666667
"14","Billy Preston","Igokea","Freshman","10-Jun","PF",20.4,NA,NA,NA,NA,NA,NA,NA,NA,NA,NA,NA,NA,NA,NA,NA,NA,NA,NA,NA,NA,NA,NA,NA,NA,NA
"15","Bonzie Colson","Notre Dame","Senior","5-Jun","PF",22.2,"F",4,125,282.7,44.3,128.5,14.7785158730159,0.0755638346136731,0.0842712285640387,1.23159722222222,1.58065476190476,1.19054160589682,4.45570436507936,1.69330357142857,9.9047619047619,0.328193760262726,0.553074316599457,0.402909067688957,0.129265005822841,2.34866071428571,6.30818452380952,1.96974206349206,65.53468,116.4686,101.48985
"16","Brandon McCoy","Nevada-Las Vegas","Freshman","11-Jun","C",19.8,"F",1,33,373,9,193,16.7854545454545,0.0306903523974581,0.157062391681109,0.454545454545455,1.81818181818182,1.19720723036066,5.84848484848485,0.272727272727273,11.3030303030303,0.333333333333333,0.549597855227882,0.505235602094241,0.0235602094240838,3.12121212121212,7.21212121212121,2.63636363636364,72.3317,111.041,104.342
"17","Brandon Sampson","LSU","Junior","4-Jun","SG",20.9,NA,NA,NA,NA,NA,NA,NA,NA,NA,NA,NA,NA,NA,NA,NA,NA,NA,NA,NA,NA,NA,NA,NA,NA,NA
"18","Brian Bowen","South Carolina","Freshman","7-Jun","SF",19.5,NA,NA,NA,NA,NA,NA,NA,NA,NA,NA,NA,NA,NA,NA,NA,NA,NA,NA,NA,NA,NA,NA,NA,NA,NA
"19","Bruce Brown","Miami (FL)","Sophomore","3-Jun","SG",21.6,"G",2,52,151,71.6666666666667,87,13.3500053163211,0.279242547538572,0.163673905954245,1.37214247740564,0.708133971291866,1.03565044190086,3.67836257309941,3.0648591174907,6.48112706007443,0.293567251461988,0.49381345177665,0.386354804235888,0.321213446031283,1.36204146730463,5.25358851674641,2.3471557682084,65.6989666666667,108.388333333333,97.7894666666667
"20","Bruno Fernando","Maryland","Freshman","11-Jun","C",19.6,"F",1,30,201,3,96,9.97466666666667,0.0701777837187542,0.177115358909237,0.366666666666667,1.23333333333333,1.2508122157245,3.2,0.1,6.7,0.333333333333333,0.582089552238806,0.470588235294118,0.0147058823529412,1.5,5.03333333333333,2.9,66.3065,109.185,100.829
"21","Bryant Crawford","Wake Forest","Junior","3-Jun","PG",21,"G",3,94,227.166666666667,158.333333333333,156.666666666667,17.4159784946237,0.290246942217918,0.170782992156973,1.55803193222548,0.210443141088302,1.11662756819326,4.96300097751711,5.03471814923428,7.21194200065168,0.352600912896237,0.463766988276792,0.405450507476192,0.411633581742168,0.387992831541219,2.85803193222548,2.63849788204627,70.2039166666667,110.774166666667,105.135
"22","Bryce Brown","Auburn","Junior","3-Jun","SG",20.7,"G",3,91,97.3333333333333,221.833333333333,67.6666666666667,12.2181443001443,0.115711278004498,0.0963346929933325,0.879292929292929,0.177489177489177,1.08190549544569,2.12243867243867,7.08131313131313,3.06969696969697,0.386016136312345,0.341173348772133,0.196739725416668,0.707800646726331,0.514069264069264,1.43109668109668,1.82222222222222,72.7808833333333,109.9695,101.74995
"23","C.J. Burks","Marshall","Junior","9-Jun","G",NA,"G",3,93,219.333333333333,159.833333333333,80,15.1951953823954,0.180424541713306,0.163678610725617,0.929235209235209,0.160577200577201,1.15223684943039,2.50528138528139,4.87506493506493,6.76808080808081,0.364025525077301,0.541174771186389,0.224794080692447,0.414373439123893,0.511284271284271,2.74585858585859,1.98643578643579,76.1267666666667,109.778666666667,106.548833333333
"24","Caleb Martin","Nevada","Junior","7-Jun","SF",22.5,"F",1,36,242,248,179,17.4933333333333,0.146087398373984,0.0968622967479675,1.25,0.583333333333333,1.19206695266896,4.97222222222222,6.88888888888889,6.72222222222222,0.403225806451613,0.504132231404959,0.36530612244898,0.506122448979592,0.944444444444444,4.44444444444444,2.63888888888889,69.4478,115.961,102.399
"25","Carsen Edwards","Purdue","Sophomore","Jun-00","PG",20,"G",2,72,237.666666666667,207.333333333333,130.666666666667,15.5327979407979,0.157253751230181,0.116734892206302,1.0996138996139,0.172715572715573,1.12887279956894,3.56962676962677,5.67773487773488,6.52175032175032,0.383997752983109,0.475035606106196,0.28563184079602,0.461950248756219,0.367567567567568,3.05765765765766,1.81879021879022,67.7966666666667,117.519333333333,96.0035333333333
"26","Chandler Hutchison","Boise State","Senior","7-Jun","SG/SF",21.9,"G",4,123,263.2,75.9,161.5,15.5040233592881,0.166536827395819,0.150059803346985,1.14293312013348,0.244236651835373,1.10866421278006,5.1646829810901,2.43063473303671,8.40101849276974,0.331518752986144,0.50583827428985,0.471904106426319,0.200281071964967,1.10953142380423,5.32109288097887,2.33464613459399,68.51796,109.1228,99.4179
"27","Charles Matthews","Michigan","Sophomore","6-Jun","SG",21.4,"G",1,41,307,107,156,13.820487804878,0.172949315261895,0.148242270224481,0.731707317073171,0.634146341463415,1.10019890601691,3.80487804878049,2.60975609756098,7.48780487804878,0.317757009345794,0.55700325732899,0.376811594202899,0.258454106280193,1.29268292682927,4.21951219512195,2.14634146341463,64.8604,109.836,95.8537
"28","Chimezie Metu","Southern California","Junior","10-Jun","PF/C",21,"F",3,104,326,20.8333333333333,147.333333333333,13.7467755991285,0.0947789000781086,0.138137434195977,0.749455337690632,1.64161220043573,1.1579551626417,4.23856209150327,0.611655773420479,9.38997821350763,0.316666666666667,0.544222048743731,0.430285541822786,0.0536924710233653,1.8818082788671,5.0343137254902,2.52015250544662,68.5909166666667,112.849166666667,101.352533333333
"29","Chris Clemons","Campbell","Junior","9-May","PG",20.7,"G",3,97,275.333333333333,280,215,22.4810561529271,0.119008209217493,0.114484085862771,1.68847072879331,0.372401433691756,1.20034537977692,6.62198327359618,8.57903225806452,8.40704898446834,0.365995616424351,0.526469335595192,0.389532851003777,0.506626194068839,0.383512544802867,4.06977299880526,1.9910394265233,67.2479333333333,103.965666666667,108.563333333333
"30","Chris Silva","South Carolina","Junior","8-Jun","PF/C",21.5,"F",3,102,225.666666666667,6.33333333333333,219.5,11.7584142096642,0.0579415880142582,0.17982328903059,0.589296683046683,1.28711097461097,1.18136371243506,6.47340806715807,0.190827190827191,6.6024006961507,0.208333333333333,0.490205771240254,0.942967369351174,0.0234894386939325,2.68478705978706,4.07188011875512,3.53352784602785,68.9006833333333,104.320533333333,95.3068
"31","Christian Keeling","Charleston Southern","Sophomore","4-Jun","SG",19.9,"G",2,59,278.333333333333,119.666666666667,155.666666666667,18.2699846390169,0.0990755887130694,0.117986775969386,1.18202764976959,0.382488479262673,1.0892813214857,5.34408602150538,4.18970814132104,9.56374807987711,0.323945460931762,0.486519460296821,0.390929890848027,0.300967674223342,0.953917050691244,4.85330261136713,2.21274961597542,67.0593666666667,101.806333333333,108.339333333333
"32","Christian Mekowulu","Tennessee State","Junior","9-Jun","PF",23.1,NA,NA,NA,NA,NA,NA,NA,NA,NA,NA,NA,NA,NA,NA,NA,NA,NA,NA,NA,NA,NA,NA,NA,NA,NA
"33","Christian Vital","UConn","Sophomore","2-Jun","SG",21,NA,NA,NA,NA,NA,NA,NA,NA,NA,NA,NA,NA,NA,NA,NA,NA,NA,NA,NA,NA,NA,NA,NA,NA,NA
"34","Cody Martin","Nevada","Junior","7-Jun","SF",22.5,"F",1,36,324,51,147,14.2411111111111,0.329640321448077,0.142389014589998,1.66666666666667,1.47222222222222,1.15083697234352,4.08333333333333,1.41666666666667,9,0.294117647058824,0.552469135802469,0.392,0.136,1.80555555555556,4.44444444444444,2.41666666666667,69.4478,115.961,102.399
"35","Cody Riley","UCLA","Freshman","10-Jun","C",20.3,NA,NA,NA,NA,NA,NA,NA,NA,NA,NA,NA,NA,NA,NA,NA,NA,NA,NA,NA,NA,NA,NA,NA,NA,NA
"36","Collin Sexton","Alabama","Freshman","2-Jun","PG",19.2,"G",1,33,307,131,252,19.4206060606061,0.185682186992885,0.143552615154163,0.848484848484849,0.0909090909090909,1.15143565077977,7.63636363636364,3.96969696969697,9.3030303030303,0.33587786259542,0.495114006514658,0.575342465753425,0.299086757990868,1.03030303030303,2.72727272727273,2.45454545454545,68.7051,102.977,100.924
"37","Corey Sanders","Rutgers","Junior","1-Jun","PG",21,"G",3,94,362.333333333333,97,119.333333333333,18.2656136528686,0.183610869825633,0.139574740453032,1.38779956427015,0.314732290222486,0.923354891041345,3.68389780154486,3.0416254043705,11.0639895688915,0.253416595459995,0.437760220493898,0.262996693038375,0.2162782346654,0.51666996765036,3.26911269558328,1.72060474021258,66.8238333333333,97.7939666666667,99.8947
"38","De'Anthony Melton","Southern California","Junior","3-Jun","PG/SG",19.8,"G",1,36,157,74,109,9.52666666666667,0.364473991135993,0.186610683461628,1.91666666666667,1.02777777777778,1.07542299971322,3.02777777777778,2.05555555555556,4.36111111111111,0.283783783783784,0.509554140127389,0.471861471861472,0.32034632034632,1.38888888888889,3.33333333333333,2.25,68.7483,114.153,100.7
"39","DeAndre Ayton","Arizona","Freshman","Jul-00","C",19.7,"F",1,35,416,35,191,17.2582857142857,0.0943646116151248,0.114230845639362,0.571428571428571,1.88571428571429,1.31578947368421,5.45714285714286,1,11.8857142857143,0.342857142857143,0.634615384615385,0.42350332594235,0.0776053215077605,3.37142857142857,8.2,2.31428571428571,67.1464,115.513,102.79
"40","DeAngelo Isby","Utah State","Junior","2-Jun","SG",21.3,NA,NA,NA,NA,NA,NA,NA,NA,NA,NA,NA,NA,NA,NA,NA,NA,NA,NA,NA,NA,NA,NA,NA,NA,NA
"41","Demajeo Wiggins","Bowling Green","Junior","1-Jun","PF",20.7,NA,NA,NA,NA,NA,NA,NA,NA,NA,NA,NA,NA,NA,NA,NA,NA,NA,NA,NA,NA,NA,NA,NA,NA,NA
"42","Deng Adel","Louisville","Junior","7-Jun","SF/PF",22.2,"F",3,89,204,117.166666666667,102,12.8753060011884,0.165835232038447,0.148953414663068,0.556298276886512,0.290552584670232,1.09986250119863,3.10071301247772,3.53728461081402,6.18983957219251,0.34864407246297,0.49150151520915,0.32697225936333,0.355866870496671,0.631610219845514,3.78995840760547,1.51099227569816,68.50385,111.542,95.3169833333333
"43","Deshon Taylor","Fresno State","Junior","3-Jun","G",22.1,"G",2,65,173.333333333333,143.333333333333,215,14.9232323232323,0.16442052833975,0.144991048282218,1.43497474747475,0.124368686868687,1.25987778821295,6.66666666666667,4.44002525252525,5.37878787878788,0.391489212172324,0.481111111111111,0.678667626433846,0.458350748463598,0.411616161616162,2.4905303030303,2.10606060606061,67.2444666666667,107.8,99.5440666666667
"44","Devon Hall","Virginia","Senior","5-Jun","SG",22.7,"G",4,128,131.6,92.7,62,8.33399529964747,0.286468115456143,0.126571414653046,0.631022326674501,0.152519527199834,1.08048870266384,1.82278634132854,2.71752263772724,3.8633061450197,0.384355179704017,0.441880008479966,0.271116146404302,0.407144158260157,0.387233013064215,3.21346858367319,1.49757724476395,59.57212,113.5276,88.71793
"45","Devonte Klines","Montana State","Junior","Jun-00","PG",22.8,"G",2,64,170.333333333333,51,79.6666666666667,9.63708333333333,0.163826613390831,0.168498290584047,0.645833333333333,0.21875,0.899607375654092,2.48958333333333,1.59375,5.32291666666667,0.246851983844144,0.426379742583996,0.359820902072105,0.230790855857709,0.625,1.34375,2.42708333333333,69.5444,102.698,109.82
"46","Devonte' Graham","Kansas","Senior","2-Jun","PG",23.1,"G",4,142,164.6,219,134,13.8914140723161,0.357368885978046,0.152091760243251,1.46991134999302,0.105161943319838,1.16710378739135,3.5742147145051,5.82882172274187,4.38802061519847,0.409625843353718,0.442194027998433,0.359918607834672,0.558305078489763,0.483827772348643,2.87645888594164,1.61906556843036,69.07635,118.2279,96.53277
"47","Dewan Huell","Miami (FL)","Sophomore","1-Jun","PF",21.3,"F",2,64,215.666666666667,2.66666666666667,85.6666666666667,9.23,0.0372362271775128,0.135840367609993,0.46875,0.90625,1.18251950268813,2.67708333333333,0.0833333333333333,6.73958333333333,0,0.568376068376068,0.386522425061979,0.0124408384043272,1.82291666666667,3.64583333333333,1.88541666666667,65.6989666666667,108.388333333333,97.7894666666667
"48","Dextor Foster","ASA College","Junior","5-Jun","SF",21.6,NA,NA,NA,NA,NA,NA,NA,NA,NA,NA,NA,NA,NA,NA,NA,NA,NA,NA,NA,NA,NA,NA,NA,NA,NA
"49","Dikembe Dixson","Illinois (Chi.)","Junior","7-Jun","SF/PF",21.6,NA,NA,NA,NA,NA,NA,NA,NA,NA,NA,NA,NA,NA,NA,NA,NA,NA,NA,NA,NA,NA,NA,NA,NA,NA
"50","DJ Hogg","Texas A&M","Junior","9-Jun","SF/PF",21.5,"F",3,91,112.5,149.166666666667,55.8333333333333,11.8465678746929,0.213325254397848,0.146607463647817,0.830146908271908,0.778204340704341,1.05276666914496,1.92919481981982,5.13180794430794,4.05136670761671,0.366331585894075,0.451195353400691,0.209252642469362,0.569762879927188,1.14364506552007,3.67142710892711,1.9420428951679,67.4537,108.188166666667,97.7423333333333
"51","Dominic MaGee","Southern Miss","Junior","4-Jun","SG",21.5,NA,NA,NA,NA,NA,NA,NA,NA,NA,NA,NA,NA,NA,NA,NA,NA,NA,NA,NA,NA,NA,NA,NA,NA,NA
"52","Donte DiVincenzo","Villanova","Sophomore","5-Jun","PG",21.1,"G",2,76,159,179.666666666667,99,11.595037037037,0.242452740165219,0.154727849886654,1.00555555555556,0.225925925925926,1.20904027921444,2.55185185185185,4.59814814814815,4.08518518518518,0.389034727919059,0.571287732970283,0.30067181090199,0.525283989478363,1.10925925925926,3.32592592592593,1.92037037037037,67.1673666666667,122.625,97.0526333333333
"53","Doral Moore","Wake Forest","Junior","Jul-00","C",21.2,"C",3,92,143.666666666667,0,56.6666666666667,6.49151254480287,0.0199732932121255,0.186261522151509,0.232258064516129,1.40752688172043,1.24151072234272,1.83351254480287,0,4.64767025089606,0,0.627566090680845,0.420691182986265,0,2.0494623655914,3.79767025089606,2.36272401433692,70.2039166666667,110.774166666667,105.135
"54","Drew Eubanks","Oregon State","Junior","10-Jun","C",21.2,"F",3,96,263.833333333333,0,123.833333333333,12.04125,0.0830189039108466,0.171302412426432,0.515625,1.78125,1.27112152147034,3.86979166666667,0,8.24479166666667,0,0.604229291993686,0.464560044888631,0,2,4.9375,2.79166666666667,65.4731,104.092166666667,103.21025
"55","Elijah Bryant","BYU","Junior","5-Jun","SG",23,NA,NA,NA,NA,NA,NA,NA,NA,NA,NA,NA,NA,NA,NA,NA,NA,NA,NA,NA,NA,NA,NA,NA,NA,NA
"56","Eric Davis","Texas","Junior","3-Jun","PG",20.9,NA,NA,NA,NA,NA,NA,NA,NA,NA,NA,NA,NA,NA,NA,NA,NA,NA,NA,NA,NA,NA,NA,NA,NA,NA
"57","Esa Ahmad","West Virginia","Junior","8-Jun","PF",21.5,"F",3,89,158.666666666667,33.6666666666667,106.166666666667,10.6118207282913,0.175893883801205,0.171938284917677,0.917366946778711,0.489495798319328,1.0879981396986,3.81442577030812,1.31792717086835,5.84103641456583,0.321393762183236,0.493470328873354,0.548126414533985,0.180972277694143,1.69397759103641,2.93137254901961,1.98529411764706,69.4864,114.8105,94.44905
"58","Ethan Happ","Wisconsin","Junior","10-Jun","PF/C",21.9,"F",3,105,398,5.5,177.5,16.4928143208143,0.178496964163806,0.152151016886709,1.64602784602785,1.07007137007137,1.12491517962033,5.15339885339885,0.166666666666667,11.5669357669358,0.0454545454545454,0.554574411760293,0.446085815089468,0.0120087336244541,2.65491985491985,5.65988065988066,2.74186264186264,63.0460666666667,109.1995,98.0883
"59","Eugene German","Northern Illinois","Sophomore","10-Jun","G",20.3,"G",2,63,280,141,120.333333333333,16.7581182795699,0.084992217827261,0.116861332426866,0.690860215053763,0.136424731182796,1.11175891497206,3.78494623655914,4.42540322580645,8.80846774193548,0.319432460933755,0.540523281902592,0.291385616967012,0.318685190778214,0.356854838709677,2.65725806451613,1.5241935483871,66.9524,101.9488,107.908666666667
"60","Fletcher Magee","Wofford","Junior","4-Jun","SG",21.4,"G",3,99,169.333333333333,288.5,109.666666666667,16.7567557932264,0.104021780054133,0.0988318117669153,0.760806595365419,0.110247697563874,1.29462042958762,3.29022764408794,8.62223336304219,5.06294563279857,0.440289634281101,0.511350485518743,0.248032803597823,0.631645495569232,0.295863042186572,2.79104463755199,1.61141748366013,66.1831833333333,108.85,107.723166666667
"61","Fred Sims","Chicago State","Junior","4-Jun","SG",NA,NA,NA,NA,NA,NA,NA,NA,NA,NA,NA,NA,NA,NA,NA,NA,NA,NA,NA,NA,NA,NA,NA,NA,NA,NA
"62","Gary Clark","Cincinnati","Senior","7-Jun","PF",23.3,"F",4,139,229,45,129.1,10.4930831847891,0.197891736155307,0.107800824282687,1.2180926916221,1.26821152703506,1.1962785647079,3.65595662507427,1.26344325609032,6.50470885323826,0.363907834101382,0.551612311306858,0.466178482976093,0.157796901001834,3.05020796197267,5.26700831847891,2.01109625668449,63.62532,112.4389,91.0175
"63","Gary Trent Jr.","Duke","Freshman","5-Jun","SG",19.2,"G",1,37,186,241,97,13.7210810810811,0.102426725496376,0.0748502994011976,1.16216216216216,0.135135135135135,1.14120252086527,2.62162162162162,6.51351351351351,5.02702702702703,0.402489626556017,0.43010752688172,0.227166276346604,0.56440281030445,0.837837837837838,3.40540540540541,1.67567567567568,69.67,118.735,97.7427
"64","Grayson Allen","Duke","Senior","4-Jun","SG",22.4,"G",4,142,168.1,225.4,154.2,14.8378213945037,0.238616742095776,0.13104726709767,1.21098619628031,0.0813321725086431,1.18174701841212,4.32734272087213,6.29117874176698,4.69275948217125,0.375234264364699,0.484943919020352,0.399180075579521,0.574787109905781,0.578205011734424,2.88877961995609,2.20673379261615,68.46621,120.6157,97.3436
"65","Haanif Cheatham","Marquette","Junior","9-Jun","SG",21.6,"G",2,65,173,51.6666666666667,109.333333333333,10.3841161616162,0.217387542885157,0.18582872017997,0.83270202020202,0.0934343434343434,1.15151335001551,3.37815656565657,1.59090909090909,5.34532828282828,0.345555555555556,0.503364167116988,0.490000735240056,0.224646472073132,0.589646464646465,3.09406565656566,1.69760101010101,70.1121333333333,116.517666666667,102.826333333333
"66","Hamidou Diallo","Kentucky","Freshman","5-Jun","SG",19.6,"G",1,37,236,77,126,11.3362162162162,0.109670036238795,0.121590692351707,0.756756756756757,0.351351351351351,1.00694821409185,3.40540540540541,2.08108108108108,6.37837837837838,0.337662337662338,0.457627118644068,0.402555910543131,0.246006389776358,0.864864864864865,2.75675675675676,2.59459459459459,68.7603,109.639,100.541
"67","Isaac Copeland","Nebraska","Junior","8-Jun","PF",22.8,"F",1,33,226,111,92,12.4387878787879,0.0925745468719548,0.0803936854414344,0.818181818181818,1,1.12058917028717,2.78787878787879,3.36363636363636,6.84848484848485,0.369369369369369,0.52212389380531,0.27299703264095,0.329376854599407,1.66666666666667,4.42424242424242,1.6969696969697,67.3906,105.657,100.268
"68","Isaac Haas","Purdue","Senior","2-Jul","C",22.5,"C",4,139,260.7,0,167,11.2805344537815,0.0512630105198897,0.151969847187513,0.16890756302521,0.976386554621849,1.28448048672193,4.78310924369748,0,7.46285714285714,0,0.595078763107276,0.645478878873139,0,1.60731092436975,3.3272268907563,2.14327731092437,67.59011,116.6883,95.3
"69","Isaiah Moss","Iowa","Sophomore","3-Jun","F",21.5,"G",2,67,161,111.666666666667,54.3333333333333,10.1036363636364,0.147737617006199,0.119805668368059,0.630718954248366,0.268865121806298,1.06106800940305,1.63725490196078,3.35977421271539,4.84224598930481,0.376559411555037,0.445347786811201,0.193976070341274,0.408140129015776,0.43166963755199,1.60249554367201,1.34105763517528,70.6112,111.833333333333,107.778
"70","Isaiah Reese","Canisius","Sophomore","5-Jun","PG",21.3,"G",2,67,179,180.666666666667,73,14.1279857397504,0.295235109457699,0.169763171144145,1.92572786690434,0.169637551990493,1.12875026477506,2.1969696969697,5.45098039215686,5.38413547237077,0.32703823953824,0.560899207665377,0.20869939707149,0.480512489233419,0.60873440285205,4.46494355317885,2.16963755199049,69.1370333333333,108.614,104.004
"71","Ismaila Kane","Atlanta Metro","Freshman","9-Jun","C",NA,NA,NA,NA,NA,NA,NA,NA,NA,NA,NA,NA,NA,NA,NA,NA,NA,NA,NA,NA,NA,NA,NA,NA,NA,NA
"72","Jacob Evans","Cincinnati","Junior","6-Jun","SG/SF",20.7,"F",1,33,118,135,56,9.17090909090909,0.178429817605075,0.0826063970393867,0.818181818181818,0.818181818181818,1.001296643135,1.6969696969697,4.09090909090909,3.57575757575758,0.333333333333333,0.415254237288136,0.221343873517787,0.533596837944664,1.09090909090909,3,1.84848484848485,63.9737,111.163,94.1027
"73","Jacob Evans","Cincinnati","Junior","6-Jun","SG/SF",20.7,"G",3,72,170.833333333333,136,94.3333333333333,10.9677777777778,0.186493554985476,0.0976514820208716,1.0787037037037,0.763888888888889,0.949340990132677,2.62037037037037,3.77777777777778,4.74537037037037,0.324579124579125,0.408567931456548,0.256357953201081,0.369783688870624,1.18518518518519,2.56481481481481,1.7037037037037,53.4215666666667,94.4473333333333,74.6292833333333
"74","Jalen Brunson","Villanova","Junior","2-Jun","PG",21.5,"G",3,116,254.333333333333,163.833333333333,144.333333333333,14.2832962962963,0.285706594189106,0.136172023620108,0.875462962962963,0.0125,1.27938517586073,3.73518518518518,4.19861111111111,6.56851851851852,0.393719678653772,0.591711687723163,0.354800523535015,0.389598969623784,0.382407407407407,2.29537037037037,1.8212962962963,66.7186166666667,122.6305,95.6262
"75","Jalen Hudson","Florida","Junior","5-Jun","SG",21.8,"G",1,34,200,194,139,14.5635294117647,0.072703772517974,0.0807819694644155,0.764705882352941,0.558823529411765,1.16003163722647,4.08823529411765,5.70588235294118,5.88235294117647,0.402061855670103,0.505,0.352791878172589,0.49238578680203,0.382352941176471,3.52941176470588,2.11764705882353,67.1294,109.225,100.195
"76","Jalen McDaniels","San Diego State","Freshman","9-Jun","PF",20.2,"F",1,33,196,19,113,9.11272727272727,0.0964352221335461,0.119712689545092,0.818181818181818,0.575757575757576,1.30326382592928,3.42424242424242,0.575757575757576,5.93939393939394,0.210526315789474,0.622448979591837,0.525581395348837,0.0883720930232558,2.24242424242424,5.27272727272727,2.33333333333333,68.8053,108.923,97.1902
"77","Jalon Pipkins","CSUN","Freshman","4-Jun","SG",19.4,NA,NA,NA,NA,NA,NA,NA,NA,NA,NA,NA,NA,NA,NA,NA,NA,NA,NA,NA,NA,NA,NA,NA,NA,NA
"78","James Palmer","Nebraska","Junior","6-Jun","SF",21.7,"G",1,33,269,139,221,17.4921212121212,0.171505786154806,0.124731480839859,0.96969696969697,0.484848484848485,1.12421819333386,6.6969696969697,4.21212121212121,8.15151515151515,0.309352517985612,0.513011152416357,0.541666666666667,0.340686274509804,1.24242424242424,3.12121212121212,1.84848484848485,67.3906,105.657,100.268
"79","Jared Harper","Auburn","Sophomore","10-May","PG",20.6,"G",2,66,128.333333333333,167,183.333333333333,13.1858088235294,0.345666975832986,0.144990681410273,1.16973039215686,0.0404411764705882,1.11822611293894,5.48161764705882,5.00796568627451,3.84375,0.351083790055794,0.392590664584418,0.617476350809684,0.566121532788199,0.378676470588235,1.875,1.82904411764706,72.9126666666667,111.599333333333,101.0186
"80","Jaren Jackson Jr.","Michigan State","Freshman","11-Jun","PF/C",18.5,"F",1,35,136,96,133,10.072,0.110632020878248,0.175876546011574,0.6,3.02857142857143,1.31488365689109,3.8,2.74285714285714,3.88571428571429,0.395833333333333,0.595588235294118,0.573275862068966,0.413793103448276,1.48571428571429,4.31428571428571,3.2,67.0387,117.189,95.3364
"81","Jarred Vanderbilt","Kentucky","Freshman","8-Jun","SF",19,NA,NA,NA,NA,NA,NA,NA,NA,NA,NA,NA,NA,NA,NA,NA,NA,NA,NA,NA,NA,NA,NA,NA,NA,NA
"82","Jarrey Foster","Southern Methodist","Junior","6-Jun","SG",21.3,"G",3,83,144.833333333333,61.6666666666667,59.8333333333333,10.9442235982112,0.212124336554531,0.125214599548362,0.629858961128311,0.940884072927417,1.11163579018117,2.40650154798762,2.55968352253182,6.01171310629515,0.36360513739546,0.534080880872084,0.29422110875012,0.299892555596376,2.41238390092879,2.84790161678707,2.00815273477812,64.2858,113.587333333333,97.5764833333333
"83","Jaylen Hands","UCLA","Freshman","3-Jun","PG",18.5,"G",1,31,137,115,80,11.1032258064516,0.235328297501453,0.165601394538059,0.967741935483871,0.161290322580645,1.06545961002786,2.58064516129032,3.70967741935484,4.41935483870968,0.373913043478261,0.430656934306569,0.317460317460317,0.456349206349206,0.580645161290323,3.38709677419355,1.58064516129032,70.3493,111.075,103.801
"84","Jaylin Walker","Kent State","Junior","1-Jun","SG",20.7,NA,NA,NA,NA,NA,NA,NA,NA,NA,NA,NA,NA,NA,NA,NA,NA,NA,NA,NA,NA,NA,NA,NA,NA,NA
"85","Jeffrey Carroll","Oklahoma State","Senior","6-Jun","SF",23.4,"G",4,118,175.3,150.4,109.9,13.1140484848485,0.0906113381157351,0.112596534262162,0.726969696969697,0.230606060606061,1.14094889811209,3.36939393939394,4.71666666666667,5.40575757575758,0.362247202163825,0.530256388106328,0.308160760852892,0.487443497558512,1.3730303030303,4.04757575757576,1.61333333333333,67.77953,113.1707,101.57031
"86","Jerome Robinson","Boston College","Junior","5-Jun","PG",21.1,"F",1,23,170,63,70,14.1217391304348,0.21551724137931,0.187807881773399,1.39130434782609,0.304347826086957,1.01971190295679,3.04347826086957,2.73913043478261,7.39130434782609,0.380952380952381,0.447058823529412,0.300429184549356,0.270386266094421,0.391304347826087,3.65217391304348,2.1304347826087,66.7452,95.2825,100.842
"87","Jerome Robinson","Boston College","Junior","5-Jun","PG",21.1,"G",3,67,271.166666666667,153,142,16.850869047619,0.137726299562592,0.120201028998219,1.0014880952381,0.196428571428571,0.96046978035399,4.20178571428571,4.51607142857143,8.05208333333333,0.315656565656566,0.422091886608016,0.278895825824778,0.300338320951484,0.451190476190476,2.64047619047619,2.18422619047619,58.7940833333333,88.5535,87.569
"88","Jessie Govan","Georgetown","Junior","11-Jun","C",20.7,"C",3,95,266.666666666667,39.3333333333333,118.333333333333,13.3765151515152,0.119051092361328,0.14404758988674,0.532323232323232,1.06666666666667,1.15866566231577,3.84627525252525,1.27266414141414,8.67897727272727,0.390579710144928,0.520196566998893,0.397175539175539,0.136279006279006,1.78099747474747,5.58920454545455,2.89223484848485,69.4128166666667,107.917666666667,101.04875
"89","Jevon Carter","West Virginia","Senior","2-Jun","PG",22.5,"G",4,144,223.4,178,123.3,14.5129173745174,0.305514229269302,0.140575391750986,2.47451737451737,0.273513513513513,1.09034827547494,3.36965250965251,4.87891891891892,6.10007722007722,0.366383274030333,0.456594981373495,0.305395190154861,0.45811779201912,0.875907335907336,3.2811583011583,2.64741312741313,69.33955,114.6767,94.08832
"90","Jon Davis","Charlotte","Junior","3-Jun","PG",21.4,"G",3,92,260.833333333333,130,172.666666666667,19.0995499825845,0.262341949619429,0.18055365136711,1.03420411006618,0.284465343086033,1.10078660931925,5.80048763497039,4.3748171368861,8.7282131661442,0.350522358247749,0.466139745241093,0.439178877401859,0.330182495820923,0.637095088819227,2.87864855451062,1.65559038662487,71.5573833333333,100.335683333333,110.195
"91","Jon Elmore","Marshall","Junior","Jun-00","PG",22.3,"G",3,96,249.833333333333,245.666666666667,238.5,20.8487714285714,0.305141824571949,0.157861645990431,1.3131746031746,0.267222222222222,1.16147902955386,6.93515873015873,7.24706349206349,7.25214285714286,0.352852251326828,0.486115354652887,0.475423801083177,0.503050588892995,0.548888888888889,4.38206349206349,1.80444444444444,76.1267666666667,109.778666666667,106.548833333333
"92","Jontay Porter","Missouri","Freshman","10-Jun","C",18.3,"F",1,33,128,110,104,10.5078787878788,0.213404083515976,0.181681854885223,0.848484848484849,1.66666666666667,1.14885819001973,3.15151515151515,3.33333333333333,3.87878787878788,0.363636363636364,0.5,0.436974789915966,0.46218487394958,1.51515151515152,5.27272727272727,2.93939393939394,65.6902,107.159,100.622
"93","Jordan Brangers","South Plains CC","Sophomore","2-Jun","SG",NA,NA,NA,NA,NA,NA,NA,NA,NA,NA,NA,NA,NA,NA,NA,NA,NA,NA,NA,NA,NA,NA,NA,NA,NA,NA
"94","Jordan Caroline","Nevada","Junior","7-Jun","PF",22.2,"G",2,72,334.333333333333,101.666666666667,251,16.8888236808237,0.125764454796993,0.110791086873069,0.83989703989704,0.212870012870013,1.11775106055605,6.91299871299871,2.79047619047619,9.18687258687259,0.328666015413003,0.513515678828374,0.581602136791161,0.232379843545491,2.92767052767053,5.87722007722008,2.35804375804376,69.5379666666667,115.508666666667,102.029666666667
"95","Jordan Davis","Northern Colorado","Junior","2-Jun","SG",20.8,"G",3,98,343.833333333333,67.3333333333333,190.166666666667,18.0497449407724,0.205697294770366,0.183624262588456,1.09103682454189,0.434298343188338,1.11757755767927,5.66176355794938,2.03526823175848,10.1884940382101,0.270990286661928,0.546541106736009,0.470899268492266,0.163082026738868,0.839817145756494,3.77164198036805,2.860820014441,70.3124166666667,103.105366666667,105.004916666667
"96","Jordan Murdock","Friends","Junior","4-Jun","PF",NA,NA,NA,NA,NA,NA,NA,NA,NA,NA,NA,NA,NA,NA,NA,NA,NA,NA,NA,NA,NA,NA,NA,NA,NA,NA
"97","Josh Okogie","Georgia Tech","Sophomore","4-Jun","SG",19.5,"G",2,61,265,91,188.333333333333,18.0681981981982,0.120243375202486,0.131919689881528,1.5990990990991,0.882132132132132,1.11657193760284,6.67117117117117,3.43543543543544,9.30930930930931,0.381187214611872,0.443747332479727,0.525194704049844,0.26518691588785,1.9954954954955,3.98198198198198,2.79129129129129,66.8199666666667,99.0545,98.2522333333333
"98","Justin Jackson","Maryland","Sophomore","7-Jun","SF/PF",21.1,"F",1,33,162,105,96,11.0072727272727,0.0853430238960467,0.148662041625372,0.878787878787879,0.787878787878788,1.12210580778683,2.90909090909091,3.18181818181818,4.90909090909091,0.438095238095238,0.438271604938272,0.359550561797753,0.393258426966292,1.75757575757576,4.27272727272727,2.18181818181818,67.2038,113.075,98.7382
"99","Justin James","Wyoming","Junior","7-Jun","SG",21.2,"G",3,100,275,112.833333333333,172.5,16.0122669645452,0.147266236202659,0.138153343890608,0.877524702121476,0.489319965126417,1.12163718337212,5.12667556669573,3.37025029061319,8.16816968177855,0.353195721120249,0.505160991272102,0.433017776938622,0.302896904649378,0.743402172333624,4.25346919500145,2.37416902789887,71.8218333333333,104.505166666667,103.1135
"100","Justin Wright-Foreman","Hofstra","Junior","8-Jun","PG",20.4,"G",3,90,247.166666666667,193.833333333333,126.166666666667,17.5149661489446,0.1150979272897,0.0994102285082065,0.677917164476304,0.152255077658303,1.14757525898197,4.03597919155715,6.20574472321784,7.90852747909199,0.346495867218813,0.555058190864103,0.288017352114206,0.43953061394176,0.386213162086818,2.51813271604938,1.69483024691358,68.5626,111.490833333333,109.682166666667
"101","Juwan Morgan","Indiana","Junior","8-Jun","SF/PF",21,"F",3,93,186,41.6666666666667,118.333333333333,10.2485170250896,0.111826603076661,0.143118171069286,0.844690860215054,1.07287186379928,1.26198847611125,3.79301075268817,1.3326164874552,5.96606182795699,0.310034305317324,0.620553950483528,0.558045897796293,0.208276152012498,2.15969982078853,3.7274417562724,2.34471326164875,67.47475,111.576166666667,101.731166666667
"102","Kaiser Gates","Xavier","Junior","8-Jun","SF",21.4,"F",3,97,37.6666666666667,117.333333333333,45.3333333333333,5.87303980986334,0.114133838916121,0.107453001633745,0.447920380273321,0.22174688057041,1.14992885117113,1.37278669043375,3.51152703505645,1.13951277480689,0.35736109464923,0.543386243386243,0.328323764868293,0.73776505961129,0.972103386809269,3.08407605466429,2.124688057041,69.6350333333333,115.798166666667,99.9663833333333
"103","Kalob Ledoux","McNeese State","Sophomore","3-Jun","SG",20.6,NA,NA,NA,NA,NA,NA,NA,NA,NA,NA,NA,NA,NA,NA,NA,NA,NA,NA,NA,NA,NA,NA,NA,NA,NA
"104","Kameron Chatman","Detroit","Junior","9-Jun","SF",21.8,NA,NA,NA,NA,NA,NA,NA,NA,NA,NA,NA,NA,NA,NA,NA,NA,NA,NA,NA,NA,NA,NA,NA,NA,NA
"105","Keanu Peters","Salt Lake","Junior","4-Jun","PG",NA,NA,NA,NA,NA,NA,NA,NA,NA,NA,NA,NA,NA,NA,NA,NA,NA,NA,NA,NA,NA,NA,NA,NA,NA,NA
"106","Keenan Evans","Texas Tech","Senior","3-Jun","PG",21.6,"G",4,131,212.1,110.3,167.7,13.5597495519713,0.217608225392665,0.138213003439526,1.03055555555556,0.277161738351254,1.16495834776874,4.94400761648746,3.27422715053763,6.33228046594982,0.362849696194436,0.492293975279308,0.526185271219081,0.332649740874522,0.491677867383513,2.34886872759857,1.9415770609319,65.19778,110.0298,97.07585
"107","Keita Bates-Diop","Ohio State","Junior","7-Jun","PF",22.1,"F",3,100,241.166666666667,135.5,104.833333333333,13.9720320855615,0.0981982022136755,0.104073875694523,0.753862150920975,1.31892453951277,1.14944680173926,3.11393345216875,4.02406417112299,7.16057635175282,0.364379011118142,0.528660810861214,0.282463626499867,0.367504310910556,1.30510992275698,5.51247771836007,1.59031491384433,66.8567666666667,110.552666666667,97.3879833333333
"108","Kerwin Roach Jr.","Texas","Junior","3-Jun","SG",21.4,"G",3,97,182.333333333333,95.3333333333333,118.833333333333,12.6323737373737,0.246138316304868,0.187075909451634,1.41208964646465,0.243371212121212,1.047568560939,3.69523358585859,2.97001262626263,5.67992424242424,0.329520164596479,0.476125730994152,0.452112304614832,0.33907688761076,0.726325757575757,2.90956439393939,2.75741792929293,66.0153833333333,105.411166666667,96.9719333333333
"109","Kevin Hervey","Texas Arlington","Senior","7-Jun","SF",21.7,NA,NA,NA,NA,NA,NA,NA,NA,NA,NA,NA,NA,NA,NA,NA,NA,NA,NA,NA,NA,NA,NA,NA,NA,NA
"110","Kevin Huerter","Maryland","Sophomore","6-Jun","SG",19.6,"G",2,65,127.666666666667,175,75.3333333333333,12.5382575757576,0.252601264942641,0.167271325443725,0.73989898989899,0.669823232323232,1.23112337116695,2.34532828282828,5.4135101010101,3.9614898989899,0.401904761904762,0.575912762108589,0.240322479452914,0.583278436539306,0.868055555555555,4.13257575757576,2.18939393939394,66.6056,110.481666666667,100.132066666667
"111","Kevin Knox","Kentucky","Freshman","9-Jun","SF/PF",18.6,"F",1,37,274,167,164,16.1664864864865,0.0886050555035442,0.142102447505684,0.837837837837838,0.27027027027027,1.12635435341804,4.43243243243243,4.51351351351351,7.40540540540541,0.341317365269461,0.510948905109489,0.3718820861678,0.378684807256236,0.891891891891892,4.51351351351351,2.21621621621622,68.7603,109.639,100.541
"112","Khyri Thomas","Creighton","Junior","3-Jun","SG",21.9,"G",3,102,184,123.666666666667,76.1666666666667,11.8362673796791,0.229530991975631,0.147862687586058,1.5054876496053,0.278775146422205,1.23862964700035,2.25650623885918,3.67177234530176,5.43917748917749,0.406049113996134,0.591325169319494,0.249709381635292,0.394185260311021,1.17231983702572,3.5460529666412,1.77202699261523,70.8259333333333,114.016666666667,99.5584833333333
"113","Kostas Antetokounmpo","Dayton","Freshman","10-Jun","SF",20.3,"F",1,29,86,15,64,5.79862068965517,0.0773073263558516,0.231921979067555,0.241379310344828,1.06896551724138,1.16909259832766,2.20689655172414,0.517241379310345,2.96551724137931,0.133333333333333,0.651162790697674,0.633663366336634,0.148514851485149,0.827586206896552,2.03448275862069,2.27586206896552,66.2721,106.231,108.213
"114","Kris Wilkes","UCLA","Freshman","7-Jun","SF/PF",19.5,"G",1,33,204,159,116,13.88,0.122260064623177,0.0960614793467819,0.757575757575758,0.545454545454545,1.09168196309535,3.51515151515152,4.81818181818182,6.18181818181818,0.352201257861635,0.509803921568627,0.319559228650138,0.43801652892562,1.3030303030303,3.60606060606061,2.51515151515152,70.3493,111.075,103.801
"115","Ky Bowman","Boston College","Sophomore","1-Jun","PG/SG",20.8,"G",2,67,262.333333333333,193.333333333333,114,17.8853095238095,0.226625748663337,0.175790097016554,1.35684523809524,0.270238095238095,1.12621446892536,3.35,5.64702380952381,7.66220238095238,0.39108575425711,0.485799168152109,0.258937939859245,0.424327968896107,0.812797619047619,5.35416666666667,2.52678571428571,70.4866333333333,106.527666666667,105.184666666667
"116","Lagerald Vick","Kansas","Junior","5-Jun","SF",21.2,"G",3,94,156.166666666667,112.5,43.8333333333333,8.92166891587944,0.168294713265319,0.145386881923723,0.656657669815565,0.314327485380117,1.18289647808072,1.1836857100015,3.02661568451042,4.1307167491378,0.388328639105615,0.574798775153106,0.181816787279787,0.459630093271497,0.816464237516869,2.80075723496776,1.53838656470235,69.2963333333333,118.384166666667,97.7216666666666
"117","Lamar Peters","Mississippi State","Sophomore","Jun-00","PG",19.8,NA,NA,NA,NA,NA,NA,NA,NA,NA,NA,NA,NA,NA,NA,NA,NA,NA,NA,NA,NA,NA,NA,NA,NA,NA
"118","Lamonte Bearden","Western Kentucky","Junior","3-Jun","G",22.4,"G",1,38,256,61,154,12.5463157894737,0.274771373437369,0.192969208826244,1.71052631578947,0.157894736842105,1.16436219981287,4.05263157894737,1.60526315789474,6.73684210526316,0.311475409836066,0.515625,0.485804416403785,0.192429022082019,0.552631578947368,1.76315789473684,2.15789473684211,68.7698,111.835,101.181
"119","Landry Shamet","Wichita State","Sophomore","4-Jun","PG",21,"G",2,68,124,181.333333333333,97.3333333333333,12.2621296296296,0.366463832275569,0.140355906690793,0.719907407407407,0.189814814814815,1.30559726444302,2.94212962962963,5.47685185185185,3.7337962962963,0.441078305519897,0.545464480874317,0.318222518222518,0.593258593258593,0.49537037037037,2.59490740740741,1.9837962962963,68.3683,117.842666666667,99.0126666666667
"120","Leron Black","Illinois","Junior","7-Jun","PF",22.2,"F",3,95,235.5,34.3333333333333,72.8333333333333,11.128302378625,0.0482355222225293,0.131616306923194,0.367383512544803,0.191593352883675,1.12516948890617,2.33512544802867,1.10654936461388,7.55180840664712,0.354913052587471,0.517955705282428,0.27080834040285,0.121352526794517,1.69061583577713,3.7258064516129,3.08390355164549,68.02395,106.307833333333,100.2027
"121","LiAngelo Ball","UCLA","Freshman","5-Jun","SG",19.4,NA,NA,NA,NA,NA,NA,NA,NA,NA,NA,NA,NA,NA,NA,NA,NA,NA,NA,NA,NA,NA,NA,NA,NA,NA
"122","Lindell Wigginton","Iowa State","Freshman","2-Jun","PG",NA,"G",1,31,241,172,162,18.5896774193548,0.15270354688693,0.159644617199972,0.903225806451613,0.419354838709677,1.06962914016685,5.2258064516129,5.54838709677419,7.7741935483871,0.401162790697674,0.423236514522822,0.39225181598063,0.416464891041162,0.645161290322581,3.09677419354839,2.51612903225806,68.9345,103.722,107.467
"123","Lonnie Walker","Miami (FL)","Freshman","4-Jun","SG",19.3,"G",1,32,156,162,65,11.9875,0.159019812304484,0.0964546402502607,0.9375,0.46875,1.06174264281593,2.03125,5.0625,4.875,0.345679012345679,0.487179487179487,0.20440251572327,0.509433962264151,0.40625,2.1875,1.59375,67.0394,107.641,99.258
"124","Luke Maye","North Carolina","Junior","8-Jun","PF",21.1,"F",3,105,246.666666666667,72.5,73.5,10.8735877695878,0.154028990538293,0.130343407719366,0.644495144495145,0.595331695331695,1.05186191463482,2.01369291369291,1.98387348387348,6.74855114855115,0.396469622331691,0.487899131197194,0.24799227358089,0.222657976330084,2.20567060567061,4.42693342693343,1.96104286104286,71.13295,117.626333333333,97.7108666666667
"125","Makinde London","Chattanooga","Junior","10-Jun","PF",22,"F",2,59,159.666666666667,112.666666666667,89.6666666666667,13.1416245210728,0.108550491866727,0.191706254916597,0.831034482758621,0.717624521072797,1.04579179154969,3.07701149425287,3.85823754789272,5.47547892720306,0.32864250177683,0.478987341772152,0.316789240311324,0.424064622432986,1.1639846743295,4.56628352490421,2.59693486590038,65.4746666666667,101.418266666667,106.931
"126","Malik Hines","Massachusetts","Junior","10-Jun","PF",NA,"F",2,64,148.666666666667,0,59.3333333333333,6.75572499185402,0.100886585462989,0.208688332094784,0.390355164548713,0.748452264581297,1.31326461394219,1.81753014011079,0,4.55588139459107,0,0.63926049795615,0.396321070234114,0,1.89019224503095,3.21081785597915,2.46464646464646,68.2422,103.387666666667,105.8508
"127","Malik Martin","South Florida","Junior","11-Jun","C",23.2,"F",1,32,127,19,46,6.57,0.0808599695585997,0.209284627092846,0.53125,0.9375,1.23315688161694,1.4375,0.59375,3.96875,0.473684210526316,0.598425196850394,0.315068493150685,0.13013698630137,1.46875,3.28125,1.59375,64.5563,96.4027,107.744
"128","Malik Newman","Kansas","Sophomore","4-Jun","PG/SG",21.1,"G",1,39,197,205,115,13.0666666666667,0.160910518053375,0.111852433281005,1.07692307692308,0.153846153846154,1.22182942996023,2.94871794871795,5.25641025641026,5.05128205128205,0.414634146341463,0.512690355329949,0.286069651741294,0.509950248756219,0.512820512820513,4.51282051282051,1.56410256410256,68.7634,115.458,102.324
"129","Marcquise Reed","Clemson","Junior","2-Jun","G",23,"G",2,68,209.666666666667,153.333333333333,130,14.116329004329,0.20171326141146,0.136021386588713,1.56940836940837,0.0101010101010101,1.14136247345487,3.77546897546897,4.42828282828283,6.07994227994228,0.370477911128318,0.470387006034209,0.371308016877637,0.411105168281135,0.656854256854257,3.25367965367965,1.84184704184704,66.2156333333333,110.614666666667,98.1996666666667
"130","Marcus Derrickson","Georgetown","Junior","7-Jun","PF",22.2,"F",3,89,136.666666666667,98.3333333333333,95,11.3154217980296,0.13547742693592,0.16184811293128,0.560601395730706,0.640830254515599,1.22747332259709,3.2668052134647,3.37456383415435,4.71115558292282,0.410074878455587,0.515219505107629,0.391265448900179,0.446968436863646,1.80472598522168,4.44404248768473,2.72772988505747,69.4128166666667,107.917666666667,101.04875
"131","Markis McDuffie","Wichita State","Junior","8-Jun","SF",20.6,"F",3,92,129.333333333333,72.6666666666667,86.8333333333333,9.51868488809665,0.129533501632045,0.138018215016871,0.725787284610814,0.181620122796593,1.12755454038359,2.89260249554367,2.5598633392751,4.37953060011884,0.340282510841316,0.509479235029302,0.410130718954248,0.372140522875817,1.2278173895821,2.77337096454744,1.82263814616756,67.93785,116.816333333333,96.7593833333333
"132","Marquez Letcher-Ellis","Rice","Junior","7-Jun","SF",20.8,"F",2,67,143,50.3333333333333,131.333333333333,9.48784523809524,0.0590274796991695,0.220131900280439,0.79375,1.06071428571429,1.15163833376913,3.88809523809524,1.47470238095238,4.24017857142857,0.295343680709534,0.545490125240848,0.677561581805492,0.264227227073864,1.47321428571429,3.42113095238095,3.14732142857143,71.7034333333333,107.138333333333,110.022666666667
"133","Marvin Bagley III","Duke","Freshman","11-Jun","PF/C",19,"F",1,33,382,58,209,18.3927272727273,0.0823777514168973,0.123566627125346,0.818181818181818,0.878787878787879,1.3046093691255,6.33333333333333,1.75757575757576,11.5757575757576,0.396551724137931,0.646596858638743,0.475,0.131818181818182,4,7.09090909090909,1.81818181818182,69.67,118.735,97.7427
"134","Matt Morgan","Cornell","Junior","5-Jun","PG/SG",20.4,"G",3,83,178.666666666667,213.5,150.166666666667,18.8633862433862,0.139217667238145,0.127894128387735,0.907186948853616,0.293871252204586,1.23929429132717,5.39638447971781,7.67217813051146,6.418430335097,0.364428148505257,0.589495172448324,0.379090747196891,0.548325819391747,0.419091710758377,3.94488536155203,1.85537918871252,69.95665,101.63455,110.1085
"135","Max Montana","San Diego State","Junior","9-Jun","PF",22.2,"F",1,26,39,113,28,7.05076923076923,0.109098843552258,0.103643901374645,0.346153846153846,0.153846153846154,1.08933787731256,1.07692307692308,4.34615384615385,1.5,0.36283185840708,0.461538461538462,0.184210526315789,0.743421052631579,0.730769230769231,2.23076923076923,1.80769230769231,68.8053,108.923,97.1902
"136","Melvin Frazier","Tulane","Junior","6-Jun","SF",21.5,"G",3,94,184.833333333333,91.3333333333333,110.333333333333,12.9729411764706,0.152360123001966,0.174923651822962,1.82418300653595,0.566339869281046,1.15409857378387,3.63725490196078,3.00326797385621,6.09967320261438,0.327977054392149,0.575740556082832,0.402605275865508,0.340517910490591,1.21764705882353,3.64019607843137,2.12908496732026,69.2514333333333,102.476766666667,106.0385
"137","Micah Seaborn","Monmouth","Junior","5-Jun","SG",23.1,"G",3,86,138.166666666667,141.5,74.5,14.2250925925926,0.142058003801434,0.156886117439428,0.90625,0.188657407407407,1.12747929278854,2.91319444444444,5.47453703703704,5.24652777777778,0.395412206711718,0.430140258272851,0.273295873225952,0.51086263975539,0.310185185185185,2.97222222222222,1.90625,71.2983166666667,105.683166666667,102.1509
"138","Michael Gilmore","FGCU","Junior","10-Jun","PF",23.2,NA,NA,NA,NA,NA,NA,NA,NA,NA,NA,NA,NA,NA,NA,NA,NA,NA,NA,NA,NA,NA,NA,NA,NA,NA
"139","Michael Porter Jr.","Missouri","Freshman","10-Jun","SF/PF",19.7,NA,NA,NA,NA,NA,NA,NA,NA,NA,NA,NA,NA,NA,NA,NA,NA,NA,NA,NA,NA,NA,NA,NA,NA,NA
"140","Mikal Bridges","Villanova","Junior","7-Jun","SF",21.5,"F",1,40,88,77,75,5.55,0.157657657657658,0.108108108108108,1.05,0.65,1.28282828282828,1.875,1.925,2.2,0.298701298701299,0.715909090909091,0.454545454545455,0.466666666666667,0.9,2.3,2.225,66.0317,122.761,90.7523
"141","Mikal Bridges","Villanova","Junior","7-Jun","SF",21.5,"G",3,76,158.333333333333,156.833333333333,85.6666666666667,10.1609814814815,0.143423823267042,0.0964198884826924,1.31805555555556,0.833796296296296,1.11522024034428,2.19351851851852,4.02453703703704,4.07037037037037,0.348525602709703,0.528015128169211,0.221167080792109,0.411807845794744,1.05462962962963,3.10138888888889,1.83425925925926,55.7133333333333,102.170333333333,80.5008166666667
"142","Mike Amius","Western Carolina","Junior","7-Jun","F",NA,"F",1,32,277,0,161,13.6825,0.0799378768499909,0.205554540471405,1.1875,0.84375,1.16720331186753,5.03125,0,8.65625,0,0.548736462093863,0.581227436823105,0,1.9375,3.65625,3.03125,69.3866,94.7149,109.157
"143","Mike Daum","South Dakota State","Junior","8-Jun","PF",22.4,"F",3,104,338.166666666667,186.833333333333,239.666666666667,20.3037703081233,0.0611449843979973,0.111249377333642,0.516666666666667,0.568207282913165,1.27022381589047,6.87226890756303,5.34719887955182,9.69635854341737,0.42607816088642,0.528302710631439,0.467950762026632,0.344234097173351,1.98613445378151,6.87142857142857,2.3766106442577,69.0347,112.093166666667,105.882166666667
"144","MiKyle McIntosh","Oregon","Senior","7-Jun","SF/PF",23.7,"F",1,36,218,104,129,12.2711111111111,0.119974646867077,0.142611372691054,0.805555555555556,0.333333333333333,1.12208258527828,3.58333333333333,2.88888888888889,6.05555555555556,0.355769230769231,0.504587155963303,0.400621118012422,0.322981366459627,1.55555555555556,4.55555555555556,3.30555555555556,67.3466,110.497,102.548
"145","Miles Bridges","Michigan State","Sophomore","6-Jun","SF/PF",20,"G",2,62,248,178,103.333333333333,16.8158543417367,0.148326390753488,0.124854794183845,0.637955182072829,1.02170868347339,1.15817858990711,3.23249299719888,5.53781512605042,7.7563025210084,0.372364672364672,0.534478371501272,0.243257107589712,0.416332026835309,1.3312324929972,6.07773109243697,1.65826330532213,66.9860666666667,115.262,95.5235666666667
"146","Mitchell Robinson","None","Freshman","11-Jun","C",20,NA,NA,NA,NA,NA,NA,NA,NA,NA,NA,NA,NA,NA,NA,NA,NA,NA,NA,NA,NA,NA,NA,NA,NA,NA
"147","Mohamed Bamba","Texas","Freshman","Jul-00","C",19.8,"F",1,30,219,51,119,12.2786666666667,0.0407210337713107,0.124877836898686,0.766666666666667,3.63333333333333,1.20052115647103,3.96666666666667,1.7,7.3,0.274509803921569,0.602739726027397,0.440740740740741,0.188888888888889,3.2,7.33333333333333,2.53333333333333,65.2112,103.687,99.2103
"148","Moritz Wagner","Michigan","Junior","11-Jun","C",20.9,"F",3,107,194.666666666667,120,92.3333333333333,10.5569329734593,0.0566844341889947,0.130962233317354,0.862618083670715,0.412550607287449,1.27267718018168,2.41443994601889,3.11794871794872,5.09610886189834,0.356231725146199,0.646706642237151,0.298987445499931,0.355052573917458,1.28924876293297,3.92748538011696,2.69430949167791,64.4160333333333,114.789,97.75675
"149","Mustapha Heron","Auburn","Sophomore","5-Jun","SG",20.3,"G",2,64,254.666666666667,121.333333333333,174.666666666667,16.32875,0.0661504753931834,0.133781733466809,1.07291666666667,0.104166666666667,1.13190176048547,5.45833333333333,3.79166666666667,7.95833333333333,0.361538461538462,0.47824427480916,0.466698307229869,0.321863629172599,1.39583333333333,4.17708333333333,2.61458333333333,72.9126666666667,111.599333333333,101.0186
"150","Nick Ward","Michigan State","Sophomore","8-Jun","C",20.6,"F",2,70,268,0.666666666666667,184.666666666667,11.6548571428571,0.0414222343718514,0.142976724388617,0.323809523809524,1.40952380952381,1.29479141702414,5.27619047619048,0.019047619047619,7.65714285714286,0.666666666666667,0.62822531957897,0.689864923747277,0.00266666666666667,2.71428571428571,4.19047619047619,2.4952380952381,66.9860666666667,115.262,95.5235666666667
"151","Noah Dickerson","Washington","Junior","3-Jun","C",21.2,"F",3,98,273,5.66666666666667,171.666666666667,12.6149554367201,0.0580745660400395,0.1459904409744,0.645544630364365,0.536010005175091,1.21048977327914,5.19874743641347,0.175354110363598,8.30360531309298,0.237037037037037,0.551335615289104,0.605318495971098,0.0200606964414876,2.5580999750829,5.20748758936615,3.30599160485309,71.4915666666667,106.532833333333,103.427366666667
"152","Nojel Eastern","Purdue","Freshman","6-Jun","SG",18.9,"G",1,37,78,9,48,4.00324324324324,0.263300027005131,0.270051309748852,0.567567567567568,0.135135135135135,0.989641139474658,1.2972972972973,0.243243243243243,2.10810810810811,0.333333333333333,0.5,0.551724137931034,0.103448275862069,1,1.51351351351351,1.54054054054054,67.1525,117.792,97.0782
"153","Omari Spellman","Villanova","Freshman","9-Jun","PF",20.7,"F",1,40,186,150,70,10.17,0.0737463126843658,0.0983284169124877,0.65,1.475,1.18320610687023,1.75,3.75,4.65,0.433333333333333,0.510752688172043,0.208333333333333,0.446428571428571,2.25,5.775,2.3,68.7242,122.728,99.3109
"154","PJ Washington","Kentucky","Freshman","8-Jun","PF",19.6,"F",1,37,238,21,208,11.3924324324324,0.1352249003606,0.168438033782501,0.756756756756757,0.837837837837838,1.13830879835673,5.62162162162162,0.567567567567568,6.43243243243243,0.238095238095238,0.542016806722689,0.803088803088803,0.0810810810810811,1.81081081081081,3.89189189189189,2.7027027027027,68.7603,109.639,100.541
"155","Quinndary Weatherspoon","Mississippi State","Junior","4-Jun","SG",21.6,NA,NA,NA,NA,NA,NA,NA,NA,NA,NA,NA,NA,NA,NA,NA,NA,NA,NA,NA,NA,NA,NA,NA,NA,NA
"156","Quinton Rose","Temple","Sophomore","8-Jun","SF",20.2,"G",2,65,262,118.333333333333,99.6666666666667,15.2036742424242,0.142678995691488,0.14980759563446,1.50031565656566,0.267045454545455,1.02900777850451,3.05271464646465,3.6082702020202,8.00063131313131,0.328638497652582,0.479079595058977,0.278722609919302,0.305442118261968,0.766098484848485,3.45675505050505,1.8292297979798,67.4380666666667,104.669666666667,103.811333333333
"157","Rawle Alkins","Arizona","Sophomore","5-Jun","SG",20.4,"G",2,60,154.666666666667,101,99,13.385428907168,0.177029725306776,0.171907712094618,1.13787700744222,0.645906776341559,1.12088671679989,3.75048962005484,3.73873873873874,5.68272620446534,0.362379734502497,0.494852093737995,0.394252012643499,0.396202239463358,1.75989032510772,3.07716412064238,2.17900509204857,66.7709,116.471333333333,100.2204
"158","Ray Spalding","Louisville","Junior","10-Jun","PF",21,NA,NA,NA,NA,NA,NA,NA,NA,NA,NA,NA,NA,NA,NA,NA,NA,NA,NA,NA,NA,NA,NA,NA,NA,NA
"159","Reid Travis","Stanford","Junior","8-Jun","C",22.4,"F",3,90,330.333333333333,30.8333333333333,196,15.9538924162258,0.0565373902958261,0.119939499786822,0.687125220458554,0.160537918871252,1.16069763432938,6.21194885361552,0.883774250440917,10.4562169312169,0.147540983606557,0.555999548453458,0.558200352238816,0.0654424827892516,3.00291005291005,5.24770723104056,2.44726631393298,69.0851833333333,105.983166666667,100.945316666667
"160","Renathan Ona Embo","Tulane","Sophomore","5-Jun","SG",19.5,NA,NA,NA,NA,NA,NA,NA,NA,NA,NA,NA,NA,NA,NA,NA,NA,NA,NA,NA,NA,NA,NA,NA,NA,NA
"161","Rob Gray","Houston","Senior","2-Jun","PG",24,NA,NA,NA,NA,NA,NA,NA,NA,NA,NA,NA,NA,NA,NA,NA,NA,NA,NA,NA,NA,NA,NA,NA,NA,NA
"162","Robert Franks","Washington State","Junior","7-Jun","PF",21.3,"F",3,84,141.333333333333,106.333333333333,78.6666666666667,11.1452632071061,0.115242071865955,0.161843426337833,0.300257129499766,0.705867227676484,1.11097790135782,2.64303412809724,3.56823281907433,4.71236559139785,0.34331616137912,0.49525324445791,0.319448882486468,0.433957351143705,1.17571294997662,3.40378681626928,2.29020570359981,68.14295,104.4445,108.6705
"163","Robert Williams","Texas A&M","Sophomore","10-Jun","C",20.4,"F",2,61,224.666666666667,14,80,10.750394265233,0.133887636957029,0.162615352373686,0.759139784946237,2.49462365591398,1.21106293195109,2.63082437275986,0.460215053763441,7.39641577060932,0.037037037037037,0.641895249453389,0.332894158981115,0.058102766798419,2.58853046594982,6.28745519713262,2.07956989247312,67.8475333333333,106.880666666667,98.9545333333333
"164","Ronshad Shabazz","Appalachian State","Junior","5-Jun","SG",22.1,NA,NA,NA,NA,NA,NA,NA,NA,NA,NA,NA,NA,NA,NA,NA,NA,NA,NA,NA,NA,NA,NA,NA,NA,NA
"165","Sagaba Konate","West Virginia","Sophomore","8-Jun","C",NA,"F",2,73,239.333333333333,0,81.3333333333333,8.74048048048048,0.0612429765287706,0.14408655536937,0.403903903903904,2.62562562562563,1.1368825482126,2.24824824824825,0,6.62062062062062,0,0.527791068580542,0.352631578947368,0,2.13713713713714,3.85535535535536,2.65665665665666,69.4410666666667,114.507333333333,95.8101333333333
"166","Sedrick Barefield","Utah","Junior","2-Jun","PG",21.4,"G",2,56,121.333333333333,137.333333333333,84.3333333333333,11.6911111111111,0.19838315522815,0.154474754973185,0.826388888888889,0.0625,1.1105937083216,2.83333333333333,4.58333333333333,4.08333333333333,0.366724738675958,0.451587301587302,0.328007518796992,0.526315789473684,0.277777777777778,1.77083333333333,1.47222222222222,66.6410666666667,110.294666666667,100.783
"167","Shai Gilgeous-Alexander","Kentucky","Freshman","6-Jun","PG/SG",19.7,"G",1,37,320,57,174,14.9340540540541,0.342044302881135,0.179166063413928,1.64864864864865,0.486486486486487,1.17294294029456,4.7027027027027,1.54054054054054,8.64864864864865,0.403508771929825,0.5,0.461538461538462,0.151193633952255,0.891891891891892,3.24324324324324,1.67567567567568,68.7603,109.639,100.541
"168","Shake Milton","Southern Methodist","Junior","6-Jun","PG/SG",21.5,"G",3,87,143,149.5,94.3333333333333,14.4661443001443,0.290991953378803,0.138712356424794,1.25692640692641,0.467388167388167,1.20651900481937,3.67272727272727,5.45721500721501,5.4010101010101,0.42898598572239,0.470955431375222,0.325584474386355,0.507019870058195,0.511038961038961,3.69574314574315,1.61681096681097,64.2858,113.587333333333,97.5764833333333
"169","Shamorie Ponds","St. John's","Sophomore","1-Jun","PG",19.7,NA,NA,NA,NA,NA,NA,NA,NA,NA,NA,NA,NA,NA,NA,NA,NA,NA,NA,NA,NA,NA,NA,NA,NA,NA
"170","Shawntrez Davis","Bethune Cookman","Junior","9-Jun","PF",21,NA,NA,NA,NA,NA,NA,NA,NA,NA,NA,NA,NA,NA,NA,NA,NA,NA,NA,NA,NA,NA,NA,NA,NA,NA
"171","Shelton Mitchell","Clemson","Junior","2-Jun","PG",23.2,"G",2,62,169.666666666667,112,115.333333333333,12.4815047021944,0.288550101730799,0.163481550185073,0.723441309648206,0.0431905259491466,1.12820497956701,3.62591431556949,3.48310693138279,5.37129919888541,0.396139705882353,0.436481089969462,0.409554055842265,0.387530955216545,0.409265064437478,2.39254615116684,1.50121908742598,66.2156333333333,110.614666666667,98.1996666666667
"172","Sviatoslav Mykhailiuk","Kansas","Senior","8-Jun","SG",20.8,"G",4,136,131.1,180,42.1,10.0570366300366,0.167683965048601,0.124087844130626,0.829468864468864,0.230494505494506,1.1264455182858,1.13195970695971,4.84879120879121,3.50391941391941,0.406205295879209,0.463379806504343,0.138430640485064,0.592729357469299,0.792289377289377,2.07307692307692,1.89192307692308,69.07635,118.2279,96.53277
"173","Takal Molson","Canisius","Freshman","6-Jun","SF",19.4,"G",1,33,188,122,143,13.4218181818182,0.194165989343448,0.158042084349318,1.18181818181818,0.424242424242424,1.11820229539848,4.33333333333333,3.6969696969697,5.6969696969697,0.368852459016393,0.48936170212766,0.461290322580645,0.393548387096774,1.81818181818182,3.15151515151515,2.63636363636364,68.9184,108.588,101.04
"174","Tashawn Berry","Dakota College","Junior","3-Jun","SG",NA,NA,NA,NA,NA,NA,NA,NA,NA,NA,NA,NA,NA,NA,NA,NA,NA,NA,NA,NA,NA,NA,NA,NA,NA,NA
"175","Tavarius Shine","Oklahoma State","Junior","6-Jun","SF",23.9,"G",3,88,78.5,103.5,57.3333333333333,8.09190967741936,0.122387445654961,0.137205050564739,0.820537634408602,0.516505376344086,1.05226901812133,1.9646438172043,3.55213709677419,2.64194220430108,0.317895901727018,0.498138998682477,0.312244634096738,0.602054571662419,0.925698924731183,2.17760752688172,2.31757392473118,66.2960333333333,107.737333333333,100.400016666667
"176","Terence Davis","Mississippi","Junior","4-Jun","SG",20.8,"G",3,88,192.5,143.833333333333,89.3333333333333,13.1695509259259,0.128998956451265,0.136939056758116,0.974421296296296,0.620833333333333,1.0533079037732,2.71331018518518,4.35902777777778,5.76481481481482,0.315167807103291,0.520530243519246,0.321604206116348,0.420116042754784,1.25659722222222,3.74641203703704,2.70763888888889,70.3132166666667,108.4045,105.108333333333
"177","Terry Larrier","Connecticut","Junior","8-Jun","SF",22.6,"G",1,29,237,135,71,16.2841379310345,0.0529391834660342,0.146112146366254,0.689655172413793,0.241379310344828,0.999404820950302,2.44827586206897,4.6551724137931,8.17241379310345,0.377777777777778,0.409282700421941,0.190860215053763,0.362903225806452,1.31034482758621,3.44827586206897,1.68965517241379,66.9966,99.9833,107.321
"178","Theo Pinson","North Carolina","Senior","6-Jun","PG/SG",22.4,"F",4,122,133.1,47.6,84.1,8.46716512226512,0.456072142720227,0.201194426857047,0.867908622908623,0.344192406692407,1.04308744442315,2.5584555984556,1.53416344916345,4.08642857142857,0.246606262366906,0.493742482742483,0.445916015963908,0.298877825627435,1.29709459459459,3.61821428571429,1.8733462033462,70.90051,118.3326,97.08692
"179","Tony Carr","Penn State","Sophomore","3-Jun","PG",20.4,"G",2,70,355,169.666666666667,175,19.1453235053235,0.249461747108894,0.128163337142933,0.762762762762763,0.289107289107289,1.03778924960343,4.9011739011739,4.6980616980617,9.89052689052689,0.39579447446873,0.396485325054762,0.344373143196673,0.317355912061794,0.816816816816817,4.07644007644008,1.96259896259896,68.3517,108.029,97.6137333333333
"180","Torin Dorn","North Carolina State","Junior","4-Jun","SG",22.4,"G",2,65,228,71.3333333333333,98,12.2414267676768,0.0978502891617628,0.145045700609675,0.802083333333333,0.304292929292929,1.18578269162864,2.99431818181818,2.18244949494949,6.96022727272727,0.328419328419328,0.581098339719029,0.328960460853627,0.243754909662215,1.91824494949495,3.82544191919192,2.01325757575758,71.0472333333333,112.148333333333,105.143666666667
"181","Trae Young","Oklahoma","Freshman","2-Jun","PG",19.5,"G",1,32,290,328,274,28.29875,0.306992358319714,0.184416272803569,1.6875,0.25,1.18609185441941,8.5625,10.25,9.0625,0.359756097560976,0.493103448275862,0.44336569579288,0.530744336569579,0.4375,3.46875,1.78125,75.4786,109.605,105.925
"182","Tramaine Isabell","Drexel","Junior","5-Jun","PG",22.8,"G",1,28,279,147,174,20.8057142857143,0.16478989288657,0.137324910738808,1.21428571428571,0,1.16801973893664,6.21428571428571,5.25,9.96428571428571,0.340136054421769,0.544802867383513,0.408450704225352,0.345070422535211,1.07142857142857,6.42857142857143,1.85714285714286,69.0271,103.916,110.801
"183","Travis Munnings","ULM","Junior","6-Jun","F",23.6,NA,NA,NA,NA,NA,NA,NA,NA,NA,NA,NA,NA,NA,NA,NA,NA,NA,NA,NA,NA,NA,NA,NA,NA,NA
"184","Tremaine Fraiser","Westchester","Sophomore","3-Jun","PG",NA,NA,NA,NA,NA,NA,NA,NA,NA,NA,NA,NA,NA,NA,NA,NA,NA,NA,NA,NA,NA,NA,NA,NA,NA,NA
"185","Tremont Waters","LSU","Freshman","11-May","PG",NA,NA,NA,NA,NA,NA,NA,NA,NA,NA,NA,NA,NA,NA,NA,NA,NA,NA,NA,NA,NA,NA,NA,NA,NA,NA
"186","Trevon Duval","Duke","Freshman","3-Jun","PG",19.6,"G",1,37,239,107,89,13.1664864864865,0.424911733311438,0.209376796124477,1.45945945945946,0.135135135135135,0.986602970194205,2.40540540540541,2.89189189189189,6.45945945945946,0.289719626168224,0.489539748953975,0.257225433526012,0.309248554913295,0.540540540540541,1.43243243243243,2.40540540540541,69.67,118.735,97.7427
"187","Troy Brown","Oregon","Freshman","7-Jun","SG",18.6,"F",1,35,212,110,105,12.9771428571429,0.244385733157199,0.189343901365037,1.57142857142857,0.2,1.07550244432374,3,3.14285714285714,6.05714285714286,0.290909090909091,0.523584905660377,0.326086956521739,0.341614906832298,1.51428571428571,4.68571428571429,2.22857142857143,67.3466,110.497,102.548
"188","Tyler Cook","Iowa","Sophomore","9-Jun","PF/C",20.5,"F",2,60,295.666666666667,7.33333333333333,162.666666666667,14.4689562289562,0.101730092808414,0.172073116019019,0.646464646464647,0.519640852974186,1.19166323611943,5.20314253647587,0.240179573512907,9.46015712682379,0.178571428571429,0.571874943721073,0.535928181945881,0.0253099899117598,2.10886644219978,4.18181818181818,2.58473625140292,70.6112,111.833333333333,107.778
"189","Tyler Davis","Texas A&M","Junior","10-Jun","C",20.9,"C",3,102,291,12.8333333333333,160,13.2266002730841,0.091583035063025,0.163716862355141,0.425311486601809,1.18735705751835,1.27119209585001,4.73722478238607,0.3678955453149,8.61333418672128,0.14,0.619919312934147,0.541975456788629,0.03675052100935,3.26938897422768,4.56165727939921,2.60724953063663,67.4537,108.188166666667,97.7423333333333
"190","Tyler Hall","Montana State","Junior","4-Jun","SG",21,"G",3,94,192.166666666667,263.5,123.833333333333,18.1440456989247,0.143504158524428,0.103830464126354,0.907930107526882,0.361559139784946,1.19945409861606,3.93884408602151,8.40591397849462,6.12365591397849,0.400696247344819,0.490722620859607,0.26872501137207,0.580020329882892,0.687836021505376,3.85114247311828,2.03293010752688,69.3539833333333,103.361166666667,110.444166666667
"191","Tyus Battle","Syracuse","Sophomore","7-Jun","SG/SF",20.5,"G",2,71,274.333333333333,214,162.333333333333,17.3426073131955,0.118706526395098,0.111284924195764,1.40434552199258,0.204557498675146,1.09107325199632,4.45813460519343,5.91414944356121,7.51695813460519,0.336735040990577,0.474759660135975,0.327645051194539,0.458475540386803,0.414149443561208,2.23767885532591,1.98039215686275,64.2202333333333,106.881333333333,99.4486666666667
"192","Udoka Azubuike","Kansas","Sophomore","11-Jun","C",18.6,"C",1,36,274,0,108,10.6811111111111,0.0624154790388016,0.163840632476854,0.555555555555556,1.66666666666667,1.45247574023389,3,0,7.61111111111111,0,0.77007299270073,0.394160583941606,0,2.41666666666667,4.58333333333333,3,68.7634,115.458,102.324
"193","Victor Lewis","West Texas A&M","Junior","5-Jun","SF",NA,NA,NA,NA,NA,NA,NA,NA,NA,NA,NA,NA,NA,NA,NA,NA,NA,NA,NA,NA,NA,NA,NA,NA,NA,NA
"194","Vince Edwards","Purdue","Senior","8-Jun","SF/PF",22,"F",4,138,218.5,116,97.7,12.620329004329,0.238507725753299,0.142604082894588,0.522077922077922,0.505108225108225,1.1766550533044,2.8004329004329,3.32969696969697,6.26692640692641,0.400402225893488,0.515075927634601,0.288551337719083,0.34883978721621,1.93679653679654,4.0621645021645,1.92406926406926,67.59011,116.6883,95.3
"195","Wendell Carter Jr.","Duke","Freshman","10-Jun","C",18.9,"F",1,37,273,46,168,12.6464864864865,0.158146691742178,0.160283809198154,0.810810810810811,2.05405405405405,1.27506871627812,4.54054054054054,1.24324324324324,7.37837837837838,0.41304347826087,0.586080586080586,0.526645768025078,0.144200626959248,2.94594594594595,6.10810810810811,2.83783783783784,69.67,118.735,97.7427
"196","Wenyen Gabriel","Kentucky","Sophomore","9-Jun","PF",21,"F",2,75,89,91.6666666666667,55.6666666666667,6.49716453295401,0.0938414593159895,0.152116542293604,0.637031768610716,1.01896633475581,1.0917956963621,1.49146514935989,2.46254148885728,2.38525367472736,0.369971049216332,0.486533074768369,0.313383180134449,0.500605935885124,1.70625889046942,3.47534376481745,2.83428165007112,69.8467666666667,112.783666666667,97.4775333333333
"197","Yankuba Sima","Oklahoma State","Junior","11-Jun","C",21.7,"F",1,27,81,1,40,4.87407407407407,0.0683890577507599,0.243161094224924,0.481481481481481,1.07407407407407,0.993975903614458,1.48148148148148,0.037037037037037,3,0,0.506172839506173,0.48780487804878,0.0121951219512195,1.44444444444444,1.62962962962963,2.48148148148148,68.8797,107.307,102.77
"198","Yoeli Childs","BYU","Sophomore","8-Jun","C",20.2,NA,NA,NA,NA,NA,NA,NA,NA,NA,NA,NA,NA,NA,NA,NA,NA,NA,NA,NA,NA,NA,NA,NA,NA,NA
"199","Zach Hankins","Xavier","Junior","10-Jun","C",NA,NA,NA,NA,NA,NA,NA,NA,NA,NA,NA,NA,NA,NA,NA,NA,NA,NA,NA,NA,NA,NA,NA,NA,NA,NA
"200","Zach Johnson","Florida Gulf Coast","Junior","9-Jun","G",21.6,"G",3,103,233,152.166666666667,112.333333333333,15.0578701298701,0.205941923176893,0.161506272241794,1.6021645021645,0.283116883116883,1.0920696636538,3.27070707070707,4.43823953823954,6.77258297258297,0.374052690491531,0.481067496300359,0.297726739325807,0.389534398731929,0.448484848484848,2.55757575757576,2.2015873015873,68.9340833333333,109.0125,102.05155
"201","Zane Martin","Towson","Sophomore","4-Jun","G",NA,"G",2,65,241.666666666667,142.333333333333,123.666666666667,15.6083838383838,0.137331319588779,0.135342992217878,0.743055555555555,0.14520202020202,1.07070164335154,3.84911616161616,4.43118686868687,7.51641414141414,0.360037668583729,0.476333699654887,0.316108246372916,0.359299266029636,0.516414141414141,2.4135101010101,1.81944444444444,67.9289666666667,107.092333333333,102.789
"202","Zhaire Smith","Texas Tech","Freshman","5-Jun","SF",18.8,"G",1,37,237,40,127,10.1048648648649,0.173852573018081,0.109660853749866,1.13513513513514,1.05405405405405,1.25270367700072,3.43243243243243,1.08108108108108,6.40540540540541,0.45,0.573839662447257,0.458483754512635,0.144404332129964,2.24324324324324,2.75675675675676,1.81081081081081,66.7169,108.468,94.5454
