Season,Team,Tempo,RankTempo,AdjTempo,RankAdjTempo,AdjOE,RankAdjOE,AdjOE,RankAdjOE,AdjDE,RankAdjDE,AdjDE,RankAdjDE,AdjEM,RankAdjEM
2012,"Air Force",63.1775,315,61.1009,319,100.013,229,100.013,229,102.216,155,102.216,155,-2.20339,188
2012,Akron,68.0723,106,66.4288,103,108.321,81,108.321,81,97.6574,74,97.6574,74,10.664,70
2012,Alabama,63.6658,305,61.9076,302,106.146,115,106.146,115,89.4568,6,89.4568,6,16.6894,27
2012,"Alabama A&M",68.1927,103,66.8168,91,89.9963,329,89.9963,329,111.412,318,111.412,318,-21.4153,337
2012,"Alabama St.",65.5536,230,63.5366,252,87.8417,338,87.8417,338,104.71,213,104.71,213,-16.8682,315
2012,Albany,66.3873,197,64.7136,189,108.807,71,108.807,71,111.608,320,111.608,320,-2.80151,199
2012,"Alcorn St.",69.2254,61,67.4295,61,88.3839,337,88.3839,337,108.567,280,108.567,280,-20.1834,331
2012,American,63.7566,304,61.7282,306,101.262,199,101.262,199,102.17,153,102.17,153,-0.907872,177
2012,"Appalachian St.",67.6319,126,65.4577,142,99.6177,235,99.6177,235,108.015,275,108.015,275,-8.39756,258
2012,Arizona,65.8424,219,64.321,205,107.629,87,107.629,87,94.8603,37,94.8603,37,12.7688,51
2012,"Arizona St.",63.9206,293,62.4955,285,100.59,219,100.59,219,106.138,245,106.138,245,-5.54782,230
2012,Arkansas,70.9902,30,69.5385,21,106.426,107,106.426,107,102.352,156,102.352,156,4.07417,127
2012,"Arkansas Little Rock",65.5038,233,63.6958,245,98.3436,251,98.3436,251,99.8997,113,99.8997,113,-1.55609,180
2012,"Arkansas Pine Bluff",67.0016,163,65.2096,165,93.4842,307,93.4842,307,111.452,319,111.452,319,-17.9676,321
2012,"Arkansas St.",64.5971,276,62.0105,297,102.615,172,102.615,172,105.298,227,105.298,227,-2.68311,194
2012,Army,69.6202,52,68.222,38,93.749,306,93.749,306,106.674,254,106.674,254,-12.9247,297
2012,Auburn,65.4134,239,63.9968,224,99.6115,236,99.6115,236,97.5088,70,97.5088,70,2.10269,147
2012,"Austin Peay",69.2284,60,67.5491,58,102.461,174,102.461,174,105.966,237,105.966,237,-3.50478,209
2012,"Ball St.",63.3776,312,62.3268,290,100.124,227,100.124,227,102.812,171,102.812,171,-2.6888,195
2012,Baylor,67.5571,134,65.6344,138,116.011,13,116.011,13,94.7187,34,94.7187,34,21.2923,13
2012,Belmont,69.2337,59,67.2001,72,117.094,9,117.094,9,100.138,121,100.138,121,16.9558,25
2012,"Bethune Cookman",65.1269,254,62.428,289,101.436,194,101.436,194,109.666,293,109.666,293,-8.23007,256
2012,Binghamton,65.9283,216,64.584,195,86.5382,342,86.5382,342,112.531,325,112.531,325,-25.9924,344
2012,"Boise St.",65.5824,229,64.3384,203,105.324,130,105.324,130,103.944,194,103.944,194,1.37966,154
2012,"Boston College",65.3976,240,63.7997,241,95.6595,287,95.6595,287,104.334,204,104.334,204,-8.67418,261
2012,"Boston University",65.2857,248,63.8004,240,99.9794,230,99.9794,230,101.579,145,101.579,145,-1.5996,181
2012,"Bowling Green",65.2991,245,63.8543,235,103.794,153,103.794,153,100.042,117,100.042,117,3.75185,132
2012,Bradley,68.0586,109,67.4074,63,94.9448,296,94.9448,296,103.406,184,103.406,184,-8.46163,260
2012,Brown,65.7379,225,64.0883,222,95.1707,293,95.1707,293,110.899,311,110.899,311,-15.7282,310
2012,Bryant,66.9689,165,64.5619,196,94.0111,304,94.0111,304,116.382,341,116.382,341,-22.3705,338
2012,Bucknell,64.382,279,63.2022,262,107.436,90,107.436,90,99.3299,97,99.3299,97,8.10589,89
2012,Buffalo,68.6703,86,67.3208,66,107.328,91,107.328,91,99.4094,102,99.4094,102,7.91827,92
2012,Butler,64.9691,266,64.1422,218,99.701,232,99.701,232,94.3867,28,94.3867,28,5.31434,116
2012,BYU,73.7125,8,72.5861,5,106.255,111,106.255,111,93.4608,21,93.4608,21,12.7945,50
2012,"Cal Poly",60.9782,340,59.0591,341,104.408,143,104.408,143,103.915,193,103.915,193,0.492133,166
2012,"Cal St. Bakersfield",67.0242,162,64.9693,175,101.867,188,101.867,188,108.586,281,108.586,281,-6.71917,244
2012,"Cal St. Fullerton",69.9616,42,68.2934,36,109.088,69,109.088,69,108.192,276,108.192,276,0.895633,159
2012,"Cal St. Northridge",69.2699,58,67.8635,49,98.1962,255,98.1962,255,111.968,323,111.968,323,-13.7722,303
2012,California,66.8875,172,65.6739,135,111.279,43,111.279,43,94.9134,38,94.9134,38,16.3658,29
2012,Campbell,69.8978,44,67.1004,79,103.714,154,103.714,154,109.712,294,109.712,294,-5.99864,233
2012,Canisius,68.403,93,65.2571,159,94.8643,297,94.8643,297,113.499,333,113.499,333,-18.6344,326
2012,"Central Arkansas",73.9648,7,71.7087,7,93.0556,312,93.0556,312,110.963,314,110.963,314,-17.9071,320
2012,"Central Connecticut",69.8636,46,67.0042,84,99.6944,233,99.6944,233,103.803,192,103.803,192,-4.10831,216
2012,"Central Michigan",64.7891,272,63.9443,228,98.5462,249,98.5462,249,106.538,251,106.538,251,-7.99156,253
2012,"Charleston Southern",71.5533,18,69.4824,22,104.506,142,104.506,142,105.213,225,105.213,225,-0.706896,172
2012,Charlotte,69.5833,53,67.6127,57,100.018,228,100.018,228,98.3723,85,98.3723,85,1.6456,151
2012,Chattanooga,69.5352,55,67.2996,68,97.7468,267,97.7468,267,106.676,255,106.676,255,-8.92926,264
2012,"Chicago St.",72.3893,16,69.1979,25,88.7279,335,88.7279,335,109.614,291,109.614,291,-20.886,334
2012,Cincinnati,64.681,274,62.8955,272,109.509,62,109.509,62,93.4814,22,93.4814,22,16.0276,31
2012,Clemson,64.0213,289,63.0823,265,105.486,124,105.486,124,96.8394,58,96.8394,58,8.64685,82
2012,"Cleveland St.",64.6398,275,63.8187,239,105.494,123,105.494,123,96.2737,50,96.2737,50,9.21988,80
2012,"Coastal Carolina",66.1744,204,63.8479,237,102.78,169,102.78,169,104.69,212,104.69,212,-1.91035,185
2012,Colgate,66.2748,202,64.7576,187,97.7083,269,97.7083,269,115.921,339,115.921,339,-18.2127,324
2012,"College of Charleston",68.9286,73,66.402,106,102.43,176,102.43,176,101.594,147,101.594,147,0.836436,160
2012,Colorado,65.9879,211,65.0685,170,104.762,137,104.762,137,95.8686,46,95.8686,46,8.89346,81
2012,"Colorado St.",65.109,255,63.5857,250,111.88,35,111.88,35,103.708,189,103.708,189,8.17148,88
2012,Columbia,63.9396,291,62.4375,288,101.127,203,101.127,203,102.982,178,102.982,178,-1.85498,184
2012,Connecticut,64.831,270,63.0002,270,111.342,42,111.342,42,96.8097,57,96.8097,57,14.5325,38
2012,"Coppin St.",70.1353,40,68.3334,35,106.555,104,106.555,104,116.078,340,116.078,340,-9.52293,273
2012,Cornell,67.8429,119,67.2776,69,98.1297,257,98.1297,257,101.564,143,101.564,143,-3.43381,207
2012,Creighton,67.9633,114,65.927,125,119.157,5,119.157,5,102.683,166,102.683,166,16.4747,28
2012,Dartmouth,63.8833,295,62.6117,278,91.1572,322,91.1572,322,104.074,199,104.074,199,-12.9168,296
2012,Davidson,68.9647,71,67.3513,65,112.021,33,112.021,33,101.369,141,101.369,141,10.6515,71
2012,Dayton,65.8186,221,64.1824,213,113.263,29,113.263,29,102.484,160,102.484,160,10.7786,69
2012,Delaware,68.0214,110,67.1757,73,103.422,159,103.422,159,103.445,185,103.445,185,-0.023681,169
2012,"Delaware St.",62.5429,324,60.3408,327,101.259,200,101.259,200,107.812,269,107.812,269,-6.55312,240
2012,Denver,62.0043,328,60.2079,328,110.92,49,110.92,49,100.513,128,100.513,128,10.4064,73
2012,DePaul,72.4219,15,71.3663,8,108.548,77,108.548,77,106.859,261,106.859,261,1.68942,150
2012,Detroit,67.5819,128,67.1279,76,108.094,82,108.094,82,102.615,164,102.615,164,5.47951,115
2012,Drake,67.3426,145,65.7592,132,101.096,205,101.096,205,98.4646,87,98.4646,87,2.63156,141
2012,Drexel,61.3674,337,60.3966,326,109.927,58,109.927,58,96.3952,54,96.3952,54,13.5318,45
2012,Duke,68.7062,83,66.38,108,117.65,8,117.65,8,97.9512,79,97.9512,79,19.6986,19
2012,Duquesne,69.6601,49,67.1228,77,107.226,93,107.226,93,102.931,176,102.931,176,4.29439,124
2012,"East Carolina",66.7695,175,65.1452,167,104.597,141,104.597,141,101.368,140,101.368,140,3.22881,135
2012,"East Tennessee St.",67.0658,159,64.1217,220,101.83,189,101.83,189,99.6171,110,99.6171,110,2.21331,146
2012,"Eastern Illinois",64.255,283,63.0979,263,97.5757,270,97.5757,270,110.641,308,110.641,308,-13.0653,298
2012,"Eastern Kentucky",63.6003,308,61.4289,316,100.714,216,100.714,216,109.651,292,109.651,292,-8.93714,265
2012,"Eastern Michigan",60.3408,342,59.1616,340,90.5216,326,90.5216,326,99.3561,99,99.3561,99,-8.83447,263
2012,"Eastern Washington",69.9468,43,67.6489,55,101.419,197,101.419,197,104.911,218,104.911,218,-3.49177,208
2012,Elon,70.4819,35,68.2908,37,97.8626,262,97.8626,262,106.081,241,106.081,241,-8.21879,255
2012,Evansville,67.8548,117,66.4112,105,110.726,52,110.726,52,105.561,230,105.561,230,5.16591,119
2012,Fairfield,66.0115,209,63.9782,225,100.642,218,100.642,218,94.9796,39,94.9796,39,5.66268,113
2012,"Fairleigh Dickinson",69.1914,64,66.5288,99,87.769,339,87.769,339,108.954,284,108.954,284,-21.1854,335
2012,FIU,65.2259,251,63.6633,246,99.412,239,99.412,239,104.858,217,104.858,217,-5.44633,228
2012,Florida,65.9355,215,64.2445,210,120.425,3,120.425,3,97.9564,80,97.9564,80,22.4687,10
2012,"Florida A&M",69.966,41,67.8436,50,93.3514,309,93.3514,309,110.64,307,110.64,307,-17.2887,317
2012,"Florida Atlantic",65.3245,243,63.4284,255,101.458,193,101.458,193,104.447,206,104.447,206,-2.98914,201
2012,"Florida Gulf Coast",69.0309,69,66.4549,100,105.241,132,105.241,132,106.126,244,106.126,244,-0.884984,176
2012,"Florida St.",68.1586,104,66.5844,95,107.56,89,107.56,89,90.4164,10,90.4164,10,17.1441,24
2012,Fordham,68.8144,79,66.4474,101,94.7704,298,94.7704,298,103.985,196,103.985,196,-9.21481,270
2012,"Fresno St.",63.9835,290,61.7145,307,101.435,195,101.435,195,102.849,173,102.849,173,-1.4134,179
2012,Furman,65.0983,257,63.9273,229,98.139,256,98.139,256,104.989,221,104.989,221,-6.8503,247
2012,"Gardner Webb",66.5378,190,63.8889,232,95.3495,290,95.3495,290,104.554,208,104.554,208,-9.20419,269
2012,"George Mason",68.3897,94,67.0685,82,104.158,146,104.158,146,98.0813,82,98.0813,82,6.07654,110
2012,"George Washington",65.0391,261,62.6018,280,101.826,190,101.826,190,102.504,161,102.504,161,-0.678032,171
2012,Georgetown,64.1342,286,62.0943,294,111.181,45,111.181,45,90.1326,9,90.1326,9,21.0484,15
2012,Georgia,62.0193,326,61.484,313,104.704,139,104.704,139,98.7375,89,98.7375,89,5.96694,112
2012,"Georgia Southern",66.4733,193,65.2271,163,97.7721,266,97.7721,266,104.588,209,104.588,209,-6.81585,246
2012,"Georgia St.",65.9573,213,63.8984,231,102.078,180,102.078,180,93.5036,24,93.5036,24,8.57414,84
2012,"Georgia Tech",64.0489,288,62.2351,293,98.4794,250,98.4794,250,99.3369,98,99.3369,98,-0.857526,174
2012,Gonzaga,67.2112,151,64.7933,183,113.096,30,113.096,30,94.7053,33,94.7053,33,18.3909,21
2012,"Grambling St.",67.3772,142,64.2997,208,85.2974,345,85.2974,345,115.517,338,115.517,338,-30.2199,345
2012,"Green Bay",66.4053,196,66.0878,118,101.319,198,101.319,198,102.196,154,102.196,154,-0.876795,175
2012,Hampton,68.8006,81,67.0711,81,92.0613,317,92.0613,317,102.593,163,102.593,163,-10.5319,286
2012,Hartford,66.208,203,64.1659,216,91.2611,320,91.2611,320,105.982,239,105.982,239,-14.7213,305
2012,Harvard,61.664,333,60.6587,325,108.768,72,108.768,72,94.4272,29,94.4272,29,14.3408,41
2012,Hawaii,71.1071,26,69.5526,20,103.318,164,103.318,164,107.348,266,107.348,266,-4.02955,213
2012,"High Point",65.2618,250,63.716,244,105.463,126,105.463,126,111.638,321,111.638,321,-6.17462,234
2012,Hofstra,67.7574,122,65.4039,149,99.0049,245,99.0049,245,103.488,186,103.488,186,-4.48278,219
2012,"Holy Cross",66.8664,173,65.2824,157,99.01,244,99.01,244,104.008,198,104.008,198,-4.99759,224
2012,Houston,68.2839,98,66.0909,117,105.6,121,105.6,121,107.905,273,107.905,273,-2.30528,190
2012,"Houston Baptist",74.1297,6,70.2168,14,93.2021,311,93.2021,311,110.682,310,110.682,310,-17.4803,319
2012,Howard,68.3524,97,65.3672,151,90.9584,323,90.9584,323,106.123,243,106.123,243,-15.1644,308
2012,Idaho,64.8983,269,62.5129,282,106.561,103,106.561,103,105.275,226,105.275,226,1.2864,156
2012,"Idaho St.",66.4534,194,64.9039,177,97.0894,279,97.0894,279,111.015,315,111.015,315,-13.9256,304
2012,Illinois,65.2627,249,64.1538,217,104.293,145,104.293,145,94.8031,36,94.8031,36,9.4903,76
2012,"Illinois Chicago",64.9424,268,64.3105,206,97.8578,263,97.8578,263,108.278,279,108.278,279,-10.4198,282
2012,"Illinois St.",64.9925,264,63.4305,254,109.275,66,109.275,66,101.486,142,101.486,142,7.78898,93
2012,Indiana,67.7431,124,66.6769,92,120.156,4,120.156,4,97.6078,72,97.6078,72,22.548,9
2012,"Indiana St.",65.1534,252,63.9561,227,101.969,184,101.969,184,98.8841,94,98.8841,94,3.08503,137
2012,Iona,72.0207,17,69.9946,17,115.505,15,115.505,15,103.242,181,103.242,181,12.263,54
2012,Iowa,68.6461,87,67.2728,70,111.594,39,111.594,39,104.439,205,104.439,205,7.15446,101
2012,"Iowa St.",67.8331,120,65.8262,128,113.868,24,113.868,24,97.1759,66,97.1759,66,16.692,26
2012,IPFW,70.2042,39,68.444,34,98.3006,252,98.3006,252,107.819,270,107.819,270,-9.51868,272
2012,IUPUI,66.7868,174,65.3187,153,107.908,85,107.908,85,110.947,313,110.947,313,-3.03926,202
2012,"Jackson St.",63.7998,301,60.6904,324,88.4871,336,88.4871,336,108.939,283,108.939,283,-20.4519,332
2012,Jacksonville,67.5485,135,65.4438,145,99.4703,237,99.4703,237,106.147,246,106.147,246,-6.67716,242
2012,"Jacksonville St.",64.9788,265,63.2844,260,98.5923,248,98.5923,248,101.829,150,101.829,150,-3.23643,203
2012,"James Madison",66.9622,166,65.4504,144,100.989,209,100.989,209,108.003,274,108.003,274,-7.01367,248
2012,Kansas,67.8495,118,66.2879,111,114.048,23,114.048,23,87.1404,3,87.1404,3,26.9073,4
2012,"Kansas St.",67.8172,121,66.5393,97,109.838,59,109.838,59,92.3192,18,92.3192,18,17.5188,23
2012,"Kennesaw St.",64.7684,273,62.0054,299,97.4184,273,97.4184,273,114.822,336,114.822,336,-17.404,318
2012,"Kent St.",68.072,107,67.1349,75,105.501,122,105.501,122,100.215,122,100.215,122,5.28591,117
2012,Kentucky,67.04,161,65.3785,150,122.182,2,122.182,2,89.5938,7,89.5938,7,32.5881,1
2012,"La Salle",69.2865,57,67.7281,54,107.294,92,107.294,92,95.7904,43,95.7904,43,11.5039,62
2012,Lafayette,67.2786,149,65.4437,146,106.152,113,106.152,113,112.492,324,112.492,324,-6.3397,239
2012,Lamar,68.806,80,66.0045,123,107.611,88,107.611,88,101.279,138,101.279,138,6.33172,108
2012,Lehigh,69.0393,68,67.6233,56,108.596,76,108.596,76,99.3073,96,99.3073,96,9.28916,79
2012,Liberty,66.624,185,64.3083,207,100.457,222,100.457,222,111.255,316,111.255,316,-10.7977,289
2012,Lipscomb,71.4143,22,68.7339,30,101.033,208,101.033,208,104.918,220,104.918,220,-3.88556,212
2012,"LIU Brooklyn",75.6161,2,73.4394,2,108.653,75,108.653,75,107.898,272,107.898,272,0.754686,162
2012,"Long Beach St.",68.0128,111,66.3715,109,111.658,38,111.658,38,96.3888,53,96.3888,53,15.2692,36
2012,Longwood,72.8422,12,69.1124,26,99.6772,234,99.6772,234,122.616,345,122.616,345,-22.9389,341
2012,"Louisiana Lafayette",70.8827,31,68.7031,32,94.5303,302,94.5303,302,97.803,75,97.803,75,-3.27266,204
2012,"Louisiana Monroe",65.3105,244,63.4553,253,96.8932,283,96.8932,283,112.862,329,112.862,329,-15.9683,311
2012,"Louisiana Tech",68.7567,82,67.2391,71,101.117,204,101.117,204,103.735,190,103.735,190,-2.61802,192
2012,Louisville,67.6573,125,66.1427,115,106.214,112,106.214,112,85.5434,1,85.5434,1,20.6703,17
2012,"Loyola Chicago",61.4254,336,59.4568,336,95.3286,291,95.3286,291,106.083,242,106.083,242,-10.7546,288
2012,"Loyola Marymount",67.9103,115,66.1147,116,102.148,178,102.148,178,99.4198,104,99.4198,104,2.72847,140
2012,"Loyola MD",65.9962,210,63.5518,251,103.945,150,103.945,150,100.035,116,100.035,116,3.90966,129
2012,LSU,67.0468,160,65.1104,168,101.785,191,101.785,191,94.4502,30,94.4502,30,7.33519,98
2012,Maine,67.3526,144,66.8518,89,96.8705,284,96.8705,284,106.194,248,106.194,248,-9.32381,271
2012,Manhattan,69.0767,67,66.9798,85,103.342,163,103.342,163,99.4319,105,99.4319,105,3.90995,128
2012,Marist,69.6299,51,67.5261,59,98.7448,246,98.7448,246,106.798,259,106.798,259,-8.05318,254
2012,Marquette,71.4704,19,70.0275,15,111.48,40,111.48,40,91.2583,14,91.2583,14,20.2218,18
2012,Marshall,66.283,201,65.2217,164,109.426,63,109.426,63,100.103,120,100.103,120,9.32345,78
2012,Maryland,67.5003,139,66.1586,114,106.734,101,106.734,101,103.363,183,103.363,183,3.37086,134
2012,"Maryland Eastern Shore",68.383,95,66.9402,87,87.1227,341,87.1227,341,105.866,236,105.866,236,-18.7433,327
2012,Massachusetts,74.9695,3,73.1848,3,106.151,114,106.151,114,96.324,51,96.324,51,9.82701,74
2012,"McNeese St.",66.686,179,64.2113,212,100.907,210,100.907,210,105.662,233,105.662,233,-4.75417,221
2012,Memphis,68.0645,108,67.4968,60,114.191,22,114.191,22,92.2928,17,92.2928,17,21.8984,12
2012,Mercer,65.8236,220,64.1802,214,105.109,134,105.109,134,97.3968,69,97.3968,69,7.71206,96
2012,"Miami FL",65.7893,222,63.5909,249,111.032,47,111.032,47,97.8506,76,97.8506,76,13.1819,47
2012,"Miami OH",61.13,338,59.5091,335,102.446,175,102.446,175,105.052,223,105.052,223,-2.60654,191
2012,Michigan,61.6774,332,60.0718,330,114.28,19,114.28,19,96.7596,56,96.7596,56,17.5202,22
2012,"Michigan St.",65.8434,218,64.2534,209,114.725,17,114.725,17,86.8588,2,86.8588,2,27.8665,3
2012,"Middle Tennessee",67.3029,148,65.4285,147,108.54,78,108.54,78,95.6192,41,95.6192,41,12.9204,49
2012,Milwaukee,65.9598,212,65.1642,166,100.552,220,100.552,220,98.2547,84,98.2547,84,2.29723,144
2012,Minnesota,64.3623,281,63.9003,230,108.536,79,108.536,79,95.7688,42,95.7688,42,12.7676,52
2012,Mississippi,67.1638,153,65.4055,148,104.655,140,104.655,140,96.9079,61,96.9079,61,7.74737,95
2012,"Mississippi St.",65.9475,214,63.8642,233,111.732,37,111.732,37,102.382,158,102.382,158,9.34985,77
2012,"Mississippi Valley St.",70.7153,33,68.9348,29,97.9513,260,97.9513,260,104.25,200,104.25,200,-6.29875,237
2012,Missouri,66.9323,169,65.3519,152,125.066,1,125.066,1,99.7817,111,99.7817,111,25.2843,7
2012,"Missouri St.",63.8425,297,62.4459,287,105.334,129,105.334,129,97.109,65,97.109,65,8.22508,86
2012,Monmouth,70.757,32,68.035,42,96.9867,282,96.9867,282,108.276,278,108.276,278,-11.2896,290
2012,Montana,66.5225,191,64.2125,211,103.695,155,103.695,155,96.9393,63,96.9393,63,6.75577,104
2012,"Montana St.",67.9721,113,66.1937,113,97.2981,277,97.2981,277,109.142,286,109.142,286,-11.8436,291
2012,"Morehead St.",61.6429,335,59.8005,333,100.451,224,100.451,224,103.203,180,103.203,180,-2.75231,198
2012,"Morgan St.",68.1503,105,65.7528,133,99.2583,241,99.2583,241,107.189,264,107.189,264,-7.93109,252
2012,"Mount St. Mary's",65.298,246,62.6033,279,93.3519,308,93.3519,308,105.563,231,105.563,231,-12.2112,294
2012,"Murray St.",66.7685,176,64.9807,172,108.529,80,108.529,80,93.1937,20,93.1937,20,15.3352,35
2012,Navy,61.9896,329,59.5471,334,91.4176,318,91.4176,318,110.572,305,110.572,305,-19.1545,329
2012,Nebraska,62.7612,320,61.4769,314,103.352,162,103.352,162,101.733,148,101.733,148,1.61875,152
2012,"Nebraska Omaha",72.8552,11,70.3802,13,97.0527,281,97.0527,281,117.615,343,117.615,343,-20.5619,333
2012,Nevada,66.599,186,64.1704,215,105.911,118,105.911,118,99.3877,100,99.3877,100,6.52301,106
2012,"New Hampshire",65.4902,234,64.4781,198,90.7199,324,90.7199,324,102.818,172,102.818,172,-12.098,293
2012,"New Mexico",66.9503,168,65.4623,141,110.833,51,110.833,51,91.3781,15,91.3781,15,19.455,20
2012,"New Mexico St.",71.09,27,69.4218,23,109.276,65,109.276,65,98.0559,81,98.0559,81,11.22,65
2012,Niagara,69.1905,65,67.3136,67,103.143,165,103.143,165,109.934,299,109.934,299,-6.7913,245
2012,"Nicholls St.",69.1984,63,64.7801,184,100.751,213,100.751,213,119.198,344,119.198,344,-18.4467,325
2012,NJIT,67.581,129,64.1226,219,96.6071,285,96.6071,285,109.714,295,109.714,295,-13.1071,299
2012,"Norfolk St.",68.9311,72,66.6366,93,100.867,211,100.867,211,102.682,165,102.682,165,-1.81579,183
2012,"North Carolina",73.3886,9,70.8552,10,116.091,12,116.091,12,90.6507,11,90.6507,11,25.4398,6
2012,"North Carolina A&T",71.2303,25,68.1116,41,94.0056,305,94.0056,305,107.189,263,107.189,263,-13.1836,300
2012,"North Carolina Central",67.5612,133,65.5293,140,97.7267,268,97.7267,268,101.817,149,101.817,149,-4.09065,215
2012,"North Carolina St.",68.3778,96,67.0111,83,112.136,32,112.136,32,97.9158,78,97.9158,78,14.2202,43
2012,"North Dakota",68.4058,92,66.6121,94,95.8667,286,95.8667,286,104.316,203,104.316,203,-8.44969,259
2012,"North Dakota St.",67.4046,141,66.0045,124,106.046,116,106.046,116,105.356,228,105.356,228,0.689462,163
2012,"North Florida",67.5772,131,65.2881,156,103.139,166,103.139,166,105.073,224,105.073,224,-1.93413,186
2012,"North Texas",68.859,75,67.7989,51,100.72,215,100.72,215,100.314,123,100.314,123,0.405928,167
2012,Northeastern,65.0027,263,63.6442,247,100.461,221,100.461,221,102.686,167,102.686,167,-2.22479,189
2012,"Northern Arizona",67.091,157,64.6195,192,89.8351,332,89.8351,332,112.641,327,112.641,327,-22.806,340
2012,"Northern Colorado",67.744,123,65.83,127,104.752,138,104.752,138,113.067,330,113.067,330,-8.31498,257
2012,"Northern Illinois",63.6379,306,62.0862,295,90.3342,327,90.3342,327,109.911,298,109.911,298,-19.5769,330
2012,"Northern Iowa",63.2686,314,61.6258,310,106.911,97,106.911,97,97.344,68,97.344,68,9.56678,75
2012,Northwestern,63.8274,299,62.5076,283,114.813,16,114.813,16,104.287,202,104.287,202,10.5258,72
2012,"Northwestern St.",71.3389,24,69.3089,24,97.3162,275,97.3162,275,102.707,169,102.707,169,-5.39079,227
2012,"Notre Dame",62.3515,325,60.1751,329,110.886,50,110.886,50,96.665,55,96.665,55,14.2213,42
2012,Oakland,71.0146,29,69.6803,19,114.393,18,114.393,18,112.673,328,112.673,328,1.72014,149
2012,Ohio,67.1209,155,66.0384,121,106.569,102,106.569,102,94.6936,32,94.6936,32,11.8752,57
2012,"Ohio St.",67.3381,147,66.8896,88,118.126,6,118.126,6,88.0533,4,88.0533,4,30.0726,2
2012,Oklahoma,68.2227,100,66.559,96,105.409,128,105.409,128,98.7718,90,98.7718,90,6.63717,105
2012,"Oklahoma St.",66.6358,183,65.4508,143,107.075,94,107.075,94,99.4535,106,99.4535,106,7.62163,97
2012,"Old Dominion",65.6519,228,64.5407,197,101.981,183,101.981,183,95.9056,47,95.9056,47,6.07562,111
2012,"Oral Roberts",64.9467,267,63.2273,261,111.781,36,111.781,36,103.739,191,103.739,191,8.04178,91
2012,Oregon,68.4695,89,66.8415,90,114.2,21,114.2,21,102.386,159,102.386,159,11.8132,59
2012,"Oregon St.",71.4525,21,69.9728,18,110.965,48,110.965,48,102.748,170,102.748,170,8.21703,87
2012,Pacific,63.1541,316,61.5325,311,97.777,265,97.777,265,107.85,271,107.85,271,-10.073,278
2012,Penn,63.8838,294,62.0092,298,103.982,148,103.982,148,101.102,137,101.102,137,2.88013,139
2012,"Penn St.",64.2816,282,63.0843,264,102.878,168,102.878,168,99.5002,107,99.5002,107,3.3782,133
2012,Pepperdine,63.9215,292,60.7909,323,94.6114,300,94.6114,300,105.02,222,105.02,222,-10.4081,281
2012,Pittsburgh,63.3148,313,62.2816,292,113.38,27,113.38,27,102.043,151,102.043,151,11.3365,64
2012,Portland,68.821,78,66.3818,107,99.3221,240,99.3221,240,109.536,290,109.536,290,-10.2134,279
2012,"Portland St.",68.6806,85,66.0546,119,108.031,83,108.031,83,111.388,317,111.388,317,-3.3568,205
2012,"Prairie View A&M",71.3914,23,70.0015,16,85.5117,344,85.5117,344,103.521,187,103.521,187,-18.0096,322
2012,Presbyterian,61.7635,331,59.4062,337,102.767,170,102.767,170,110.372,302,110.372,302,-7.60579,251
2012,Princeton,63.6242,307,62.4971,284,107.788,86,107.788,86,100.529,129,100.529,129,7.25934,100
2012,Providence,66.6837,180,65.2446,161,110.071,57,110.071,57,105.978,238,105.978,238,4.09337,126
2012,Purdue,65.3925,241,64.3333,204,116.167,10,116.167,10,99.9175,114,99.9175,114,16.2497,30
2012,Quinnipiac,68.5015,88,65.6397,137,103.982,149,103.982,149,102.538,162,102.538,162,1.44347,153
2012,Radford,67.1092,156,64.1019,221,90.0714,328,90.0714,328,106.776,258,106.776,258,-16.7043,313
2012,"Rhode Island",68.8373,76,66.5327,98,102.659,171,102.659,171,107.791,268,107.791,268,-5.13268,225
2012,Rice,68.9872,70,67.9122,45,100.857,212,100.857,212,99.0061,95,99.0061,95,1.85114,148
2012,Richmond,65.4737,236,62.8012,275,109.315,64,109.315,64,103.185,179,103.185,179,6.12993,109
2012,Rider,69.5579,54,67.4185,62,104.336,144,104.336,144,109.294,287,109.294,287,-4.95819,223
2012,"Robert Morris",65.7154,226,63.0206,268,105.908,119,105.908,119,100.945,135,100.945,135,4.9625,123
2012,Rutgers,66.9598,167,65.2536,160,102.02,182,102.02,182,96.876,59,96.876,59,5.14445,120
2012,"Sacramento St.",66.6558,182,64.8686,178,98.1986,254,98.1986,254,110.224,300,110.224,300,-12.0251,292
2012,"Sacred Heart",69.1235,66,66.018,122,102.61,173,102.61,173,108.598,282,108.598,282,-5.98749,232
2012,"Saint Joseph's",66.9185,170,64.975,174,110.486,54,110.486,54,99.5689,109,99.5689,109,10.9173,67
2012,"Saint Louis",63.8106,300,61.904,303,111.938,34,111.938,34,90.7347,12,90.7347,12,21.2034,14
2012,"Saint Mary's",65.0837,258,63.3682,258,114.264,20,114.264,20,98.7798,91,98.7798,91,15.4843,34
2012,"Saint Peter's",66.4899,192,63.3459,259,89.5991,334,89.5991,334,106.654,252,106.654,252,-17.0546,316
2012,"Sam Houston St.",64.3921,278,62.4707,286,89.8232,333,89.8232,333,100.444,126,100.444,126,-10.6212,287
2012,Samford,64.158,285,61.6346,309,102.051,181,102.051,181,112.58,326,112.58,326,-10.5288,285
2012,"San Diego",67.5407,137,65.3137,154,101.962,185,101.962,185,106.253,249,106.253,249,-4.29117,218
2012,"San Diego St.",67.4519,140,65.8133,130,106.986,95,106.986,95,95.8262,44,95.8262,44,11.1602,66
2012,"San Francisco",70.2933,37,67.9388,44,108.968,70,108.968,70,106.689,256,106.689,256,2.27906,145
2012,"San Jose St.",66.1391,206,63.8513,236,100.157,226,100.157,226,109.762,296,109.762,296,-9.60476,275
2012,"Santa Clara",67.5418,136,65.2305,162,103.561,156,103.561,156,113.472,332,113.472,332,-9.91056,276
2012,"Savannah St.",65.4893,235,62.7688,276,95.1544,294,95.1544,294,96.8799,60,96.8799,60,-1.72554,182
2012,Seattle,76.0496,1,74.4001,1,98.7171,247,98.7171,247,103.972,195,103.972,195,-5.25451,226
2012,"Seton Hall",66.7277,178,64.7656,186,106.744,99,106.744,99,94.5552,31,94.5552,31,12.1888,55
2012,Siena,66.5604,188,64.455,199,97.3426,274,97.3426,274,102.961,177,102.961,177,-5.61837,231
2012,"SIU Edwardsville",68.825,77,67.7327,53,95.3603,289,95.3603,289,110.463,303,110.463,303,-15.1023,307
2012,SMU,60.4899,341,59.2902,338,98.0042,259,98.0042,259,100.919,134,100.919,134,-2.91506,200
2012,"South Alabama",66.3755,198,64.8079,181,101.062,207,101.062,207,104.633,210,104.633,210,-3.57162,210
2012,"South Carolina",62.9277,318,61.6723,308,103.482,157,103.482,157,102.852,174,102.852,174,0.629208,164
2012,"South Carolina St.",70.2831,38,68.5441,33,92.4329,316,92.4329,316,116.919,342,116.919,342,-24.486,343
2012,"South Dakota",69.7129,48,67.9743,43,99.0459,243,99.0459,243,109.52,289,109.52,289,-10.4742,283
2012,"South Dakota St.",66.6284,184,64.8063,182,113.712,26,113.712,26,102.087,152,102.087,152,11.6247,61
2012,"South Florida",60.1219,343,58.4952,343,103.917,151,103.917,151,90.7899,13,90.7899,13,13.1272,48
2012,"Southeast Missouri St.",65.8625,217,64.6176,193,105.471,125,105.471,125,110.932,312,110.932,312,-5.46152,229
2012,"Southeastern Louisiana",65.5302,232,63.0373,267,86.4751,343,86.4751,343,99.9322,115,99.9322,115,-13.4571,301
2012,Southern,66.3041,200,63.4128,256,89.9738,330,89.9738,330,106.699,257,106.699,257,-16.725,314
2012,"Southern Illinois",66.5536,189,64.8365,179,99.2099,242,99.2099,242,103.999,197,103.999,197,-4.78875,222
2012,"Southern Miss",65.0303,262,63.8201,238,111.238,44,111.238,44,100.405,125,100.405,125,10.833,68
2012,"Southern Utah",64.8227,271,62.8095,273,98.2794,253,98.2794,253,104.552,207,104.552,207,-6.27292,236
2012,"St. Bonaventure",65.4245,238,63.0066,269,110.634,53,110.634,53,98.8542,93,98.8542,93,11.7801,60
2012,"St. Francis NY",71.0641,28,68.1463,40,97.4687,271,97.4687,271,101.577,144,101.577,144,-4.10873,217
2012,"St. Francis PA",65.1013,256,62.9543,271,95.2681,292,95.2681,292,110.508,304,110.508,304,-15.2395,309
2012,"St. John's",68.0098,112,66.2101,112,103.883,152,103.883,152,102.687,168,102.687,168,1.19689,157
2012,Stanford,68.2452,99,67.1662,74,106.741,100,106.741,100,92.3818,19,92.3818,19,14.3587,40
2012,"Stephen F. Austin",60.9869,339,58.6188,342,97.3149,276,97.3149,276,96.0233,48,96.0233,48,1.29167,155
2012,Stetson,72.9655,10,70.427,12,100.731,214,100.731,214,108.226,277,108.226,277,-7.49539,250
2012,"Stony Brook",62.7035,321,61.4391,315,103.463,158,103.463,158,100.86,133,100.86,133,2.60302,142
2012,Syracuse,66.1239,207,64.3916,202,117.705,7,117.705,7,91.661,16,91.661,16,26.0444,5
2012,TCU,68.8775,74,67.8955,48,106.336,109,106.336,109,105.571,232,105.571,232,0.764661,161
2012,Temple,68.2153,101,65.901,126,113.344,28,113.344,28,98.8535,92,98.8535,92,14.4909,39
2012,Tennessee,65.698,227,64.395,201,106.52,106,106.52,106,95.1421,40,95.1421,40,11.378,63
2012,"Tennessee Martin",66.9967,164,65.1037,169,94.1097,303,94.1097,303,115.313,337,115.313,337,-21.2031,336
2012,"Tennessee St.",66.6717,181,65.3016,155,101.069,206,101.069,206,100.954,136,100.954,136,0.115132,168
2012,"Tennessee Tech",68.6992,84,67.7853,52,103.362,161,103.362,161,105.431,229,105.431,229,-2.06858,187
2012,Texas,67.5198,138,64.9259,176,112.915,31,112.915,31,97.0177,64,97.0177,64,15.8968,32
2012,"Texas A&M",63.5666,309,61.4273,317,101.428,196,101.428,196,96.3617,52,96.3617,52,5.06611,122
2012,"Texas A&M Corpus Chris",66.756,177,64.8245,180,89.8949,331,89.8949,331,104.834,215,104.834,215,-14.9391,306
2012,"Texas Pan American",67.3415,146,63.7443,243,92.9164,313,92.9164,313,109.139,285,109.139,285,-16.2222,312
2012,"Texas Southern",67.1604,154,65.2759,158,92.5903,314,92.5903,314,101.583,146,101.583,146,-8.99293,267
2012,"Texas St.",74.513,4,71.8932,6,100.455,223,100.455,223,109.408,288,109.408,288,-8.95362,266
2012,"Texas Tech",66.0925,208,64.0631,223,95.1345,295,95.1345,295,101.312,139,101.312,139,-6.17713,235
2012,"The Citadel",66.336,199,63.3696,257,92.5833,315,92.5833,315,110.595,306,110.595,306,-18.0115,323
2012,Toledo,66.4121,195,65.6585,136,103.396,160,103.396,160,106.803,260,106.803,260,-3.40701,206
2012,Towson,63.857,296,61.5087,312,87.2647,340,87.2647,340,109.897,297,109.897,297,-22.6322,339
2012,Troy,68.4575,90,67.0832,80,105.099,135,105.099,135,114.184,334,114.184,334,-9.08472,268
2012,Tulane,65.2871,247,64.664,190,97.9091,261,97.9091,261,100.606,131,100.606,131,-2.69682,196
2012,Tulsa,65.0745,259,63.7627,242,106.259,110,106.259,110,98.5043,88,98.5043,88,7.75481,94
2012,UAB,62.5879,323,61.0516,320,101.176,201,101.176,201,97.2892,67,97.2892,67,3.88711,130
2012,"UC Davis",66.895,171,64.7784,185,94.5951,301,94.5951,301,113.415,331,113.415,331,-18.8196,328
2012,"UC Irvine",70.5733,34,69.0556,28,97.0769,280,97.0769,280,104.278,201,104.278,201,-7.20145,249
2012,"UC Riverside",63.525,310,62.57,281,90.5322,325,90.5322,325,100.531,130,100.531,130,-9.99898,277
2012,"UC Santa Barbara",65.0613,260,63.611,248,111.112,46,111.112,46,104.746,214,104.746,214,6.36667,107
2012,UCF,64.3669,280,63.0667,266,106.522,105,106.522,105,99.4116,103,99.4116,103,7.11045,103
2012,UCLA,65.5441,231,64.6606,191,108.768,73,108.768,73,96.9167,62,96.9167,62,11.8509,58
2012,UMBC,69.6418,50,67.9095,46,91.3887,319,91.3887,319,114.775,335,114.775,335,-23.386,342
2012,UMKC,65.1418,253,62.7418,277,99.7733,231,99.7733,231,110.253,301,110.253,301,-10.4801,284
2012,"UNC Asheville",70.3302,36,68.1714,39,110.42,55,110.42,55,104.918,219,104.918,219,5.50188,114
2012,"UNC Greensboro",72.6919,13,71.2172,9,97.4545,272,97.4545,272,107.731,267,107.731,267,-10.2769,280
2012,"UNC Wilmington",67.1996,152,65.8171,129,100.334,225,100.334,225,106.667,253,106.667,253,-6.3329,238
2012,UNLV,69.8832,45,68.7282,31,109.202,67,109.202,67,94.2357,27,94.2357,27,14.9659,37
2012,USC,61.775,330,59.8315,332,91.1664,321,91.1664,321,95.8533,45,95.8533,45,-4.68689,220
2012,"USC Upstate",69.3558,56,66.9723,86,103.074,167,103.074,167,99.8565,112,99.8565,112,3.21719,136
2012,"UT Arlington",72.6473,14,70.7797,11,105.413,127,105.413,127,100.317,124,100.317,124,5.09625,121
2012,Utah,63.4189,311,60.8351,322,93.3446,310,93.3446,310,107.037,262,107.037,262,-13.6925,302
2012,"Utah St.",64.1682,284,61.8965,304,107.924,84,107.924,84,103.681,188,103.681,188,4.2435,125
2012,"Utah Valley",67.5772,130,64.5899,194,99.4611,238,99.4611,238,106.175,247,106.175,247,-6.71379,243
2012,UTEP,62.9017,319,61.4043,318,101.951,186,101.951,186,99.3994,101,99.3994,101,2.55206,143
2012,UTSA,68.2009,102,66.4306,102,104.047,147,104.047,147,104.853,216,104.853,216,-0.80536,173
2012,Valparaiso,65.3768,242,63.8613,234,105.979,117,105.979,117,102.913,175,102.913,175,3.06605,138
2012,Vanderbilt,66.1478,205,64.7368,188,115.636,14,115.636,14,94.7387,35,94.7387,35,20.8978,16
2012,VCU,65.7461,224,64.9756,173,106.942,96,106.942,96,93.4876,23,93.4876,23,13.4543,46
2012,Vermont,63.7864,302,61.935,300,105.263,131,105.263,131,100.092,119,100.092,119,5.17132,118
2012,Villanova,68.4539,91,67.3777,64,109.152,68,109.152,68,100.652,132,100.652,132,8.4992,85
2012,Virginia,61.6529,334,59.2567,339,105.153,133,105.153,133,89.302,5,89.302,5,15.8508,33
2012,"Virginia Tech",63.8386,298,61.9245,301,106.754,98,106.754,98,98.1104,83,98.1104,83,8.64372,83
2012,VMI,74.1705,5,72.746,4,102.146,179,102.146,179,111.679,322,111.679,322,-9.53372,274
2012,Wagner,69.7431,47,67.1097,78,104.773,136,104.773,136,97.6303,73,97.6303,73,7.14269,102
2012,"Wake Forest",67.2133,150,66.0423,120,102.217,177,102.217,177,106.065,240,106.065,240,-3.84734,211
2012,Washington,71.4606,20,69.1058,27,109.514,61,109.514,61,97.5488,71,97.5488,71,11.9655,56
2012,"Washington St.",64.5154,277,62.8026,274,109.695,60,109.695,60,102.367,157,102.367,157,7.32761,99
2012,"Weber St.",67.3608,143,65.542,139,110.218,56,110.218,56,106.451,250,106.451,250,3.76652,131
2012,"West Virginia",65.78,223,63.9706,226,111.413,41,111.413,41,97.8568,77,97.8568,77,13.556,44
2012,"Western Carolina",67.5866,127,65.7683,131,100.695,217,100.695,217,107.254,265,107.254,265,-6.55989,241
2012,"Western Illinois",60.0001,344,57.809,344,97.1067,278,97.1067,278,98.403,86,98.403,86,-1.29632,178
2012,"Western Kentucky",69.2057,62,67.903,47,97.8093,264,97.8093,264,100.475,127,100.475,127,-2.66526,193
2012,"Western Michigan",66.5749,187,65.0503,171,105.716,120,105.716,120,105.761,235,105.761,235,-0.0458556,170
2012,"Wichita St.",67.5768,132,65.7152,134,116.145,11,116.145,11,93.7843,26,93.7843,26,22.3607,11
2012,"William & Mary",64.0895,287,62.3088,291,98.0958,258,98.0958,258,110.641,309,110.641,309,-12.5455,295
2012,Winthrop,63.7757,303,61.7796,305,94.6219,299,94.6219,299,103.351,182,103.351,182,-8.72875,262
2012,Wisconsin,59.1425,345,57.5327,345,113.728,25,113.728,25,89.6349,8,89.6349,8,24.093,8
2012,Wofford,62.6145,322,60.8555,321,101.905,187,101.905,187,104.654,211,104.654,211,-2.74896,197
2012,"Wright St.",63.0593,317,62.0723,296,95.5023,288,95.5023,288,99.5631,108,99.5631,108,-4.0608,214
2012,Wyoming,62.019,327,59.9609,331,101.732,192,101.732,192,93.6785,25,93.6785,25,8.05319,90
2012,Xavier,67.878,116,66.4225,104,108.665,74,108.665,74,96.0742,49,96.0742,49,12.5904,53
2012,Yale,67.0756,158,66.3266,110,101.163,202,101.163,202,100.068,118,100.068,118,1.09445,158
2012,"Youngstown St.",65.4248,237,64.4369,200,106.342,108,106.342,108,105.753,234,105.753,234,0.588236,165
